"id","lat","lon","addr:postcode"
"283495156","54.106243","-4.638587","IM9 3DS"
"449276695","54.097988","-4.630822","IM9 2RQ"
"455458441","54.148748","-4.481102","IM1 2AG"
"459976551","54.332103","-4.394921","IM8 3UA"
"469407676","54.17517","-4.453887","IM3 1AJ"
"475392777","54.343364","-4.432745","IM7 3HP"
"475392828","54.297285","-4.325452","IM7 1AT"
"475392866","54.250129","-4.606267","IM6 1HP"
"475392894","54.136753","-4.516379","IM4 1AJ"
"475392931","54.228388","-4.660284","IM5 2AD"
"475393011","54.381728","-4.468514","IM7 3EG"
"475393129","54.239594","-4.647594","IM5 2AF"
"475393209","54.320188","-4.436481","IM7 2AP"
"475393234","54.242773","-4.618144","IM5 2AS"
"475393335","54.35038","-4.386681","IM7 4AB"
"475393430","54.106707","-4.578023","IM4 1HF"
"475393492","54.119394","-4.720931","IM9 4BP"
"475393519","54.136884","-4.504062","IM4 1AQ"
"475393550","54.138451","-4.661637","IM9 3BA"
"475393564","54.353494","-4.38325","IM7 4AD"
"475393580","54.284424","-4.364804","IM7 1ES"
"475393624","54.396014","-4.367638","IM7 4BR"
"475393653","54.257919","-4.611893","IM6 1HP"
"475393675","54.182939","-4.541123","IM4 4HN"
"475393868","54.128591","-4.667902","IM9 3BB"
"475393967","54.234365","-4.589538","IM6 1BB"
"475393980","54.36812","-4.465","IM7 3EJ"
"475394136","54.18973","-4.599817","IM4 2DT"
"475394161","54.279588","-4.345771","IM7 1EE"
"475394232","54.260682","-4.607858","IM6 1HP"
"475394266","54.294879","-4.361249","IM7 1BJ"
"475394275","54.250971","-4.624246","IM6 1HP"
"475394396","54.158592","-4.521902","IM4 2AB"
"475394408","54.17167","-4.645358","IM4 3BH"
"475394707","54.266083","-4.608389","IM6 1HN"
"475394738","54.184045","-4.709184","IM5 3BG"
"475394805","54.114199","-4.728195","IM9 4BW"
"475394944","54.294823","-4.37143","IM7 1EP"
"475394950","54.244418","-4.640663","IM5 2AQ"
"475394968","54.115331","-4.703738","IM9 4HN"
"475394970","54.152709","-4.611386","IM9 3AN"
"475394989","54.110367","-4.727915","IM9 4BW"
"475395140","54.135666","-4.671915","IM9 3BA"
"475395145","54.14391","-4.646952","IM9 3BA"
"475395152","54.160709","-4.610731","IM4 3HR"
"475395163","54.134258","-4.512591","IM4 1AH"
"476150199","54.103146","-4.713534","IM9 4BU"
"476150208","54.197399","-4.637245","IM4 3AS"
"498461703","54.156199","-4.491346","IM2 3LX"
"498494359","54.222916","-4.691983","IM5 1HE"
"498494360","54.222727","-4.691865","IM5 1HE"
"502471206","54.152699","-4.500558","IM1 5ED"
"502490905","54.16027","-4.479197","IM2 4HW"
"505512377","54.157875","-4.478294","IM2 4EN"
"505824249","54.162918","-4.471626","IM2 4NA"
"505873456","54.161657","-4.483319","IM2 3BF"
"549539655","54.224187","-4.697042","IM5 1AH"
"549539673","54.222902","-4.692098","IM5 1HE"
"685338695","54.155057","-4.484651","IM1 3AL"
"685338697","54.155","-4.484625","IM1 3AL"
"685338699","54.154605","-4.484485","IM1 3AJ"
"685338705","54.155503","-4.484865","IM1 3AL"
"685338707","54.155448","-4.484836","IM1 3HH"
"685338708","54.155393","-4.484808","IM1 3AL"
"685338709","54.155338","-4.48478","IM1 3AL"
"685338711","54.155285","-4.484753","IM1 3AL"
"685338712","54.155228","-4.484727","IM1 3AL"
"685338715","54.155171","-4.484702","IM1 3AL"
"685338717","54.155114","-4.484676","IM1 3AL"
"685338721","54.155558","-4.484893","IM1 3AL"
"685502583","54.162205","-4.472222","IM2 4NA"
"685516475","54.326936","-4.382272","IM8 3BA"
"727475963","54.147836","-4.482691","IM1 4LE"
"727476126","54.148907","-4.47863","IM1 2AY"
"727751272","54.153558","-4.478861","IM1 2HE"
"763370807","54.085979","-4.75731","IM9 6AH"
"896317797","54.248337","-4.63995","IM5 2AQ"
"916257505","54.170687","-4.445902","IM3 2AR"
"936625322","54.148026","-4.478993","IM1 2BQ"
"939199118","54.164052","-4.468746","IM2 4NF"
"939413216","54.155649","-4.478281","IM1 2NH"
"943822599","54.149312","-4.477585","IM1 2LH"
"948471959","54.117134","-4.580154","IM4 1EH"
"961630750","54.142335","-4.653741","IM9 3BA"
"1069288852","54.154674","-4.505548","IM2 1HE"
"1069288889","54.161261","-4.482052","IM2 5DF"
"1184382018","54.320422","-4.378953","IM8 1LE"
"1185772892","54.321017","-4.379766","IM8 1LA"
"1198251769","54.069336","-4.73713","IM9 5EJ"
"1275896084","54.285321","-4.582809","IM6 1EN"
"1275896088","54.285275","-4.58271","IM6 1EN"
"1275896100","54.285404","-4.582892","IM6 1EJ"
"1283209178","54.286147","-4.584314","IM6 1EG"
"1283209295","54.286106","-4.584394","IM6 1AB"
"1283209339","54.28621","-4.584228","IM6 1ED"
"1283264563","54.287262","-4.586459","IM6 1EE"
"1289483662","54.152766","-4.47934","IM1 2ER"
"1666028132","54.086641","-4.756079","IM9 6AL"
"1774047779","54.320678","-4.37877","IM8 1LH"
"1950174701","54.117896","-4.586479","IM4 1EN"
"1974486110","54.167876","-4.457495","IM3 1NN"
"2689679569","54.077522","-4.73928","IM9 5AE"
"2725439539","54.188757","-4.570515","IM4 2DN"
"2935278200","54.321186","-4.379892","IM8 1LA"
"3028469410","54.151397","-4.483307","IM1 1QD"
"3095361477","54.150004","-4.499005","IM2 1AB"
"3602796500","54.145634","-4.58672","IM9 3AS"
"4115148160","54.120315","-4.581489","IM4 1EJ"
"4143616747","54.149828","-4.495099","IM1 5EB"
"4197755659","54.149019","-4.476393","IM1 2LR"
"4200367948","54.149287","-4.476666","IM1 2LN"
"4633496982","54.151945","-4.490281","IM1 4QA"
"4633496985","54.151841","-4.490634","IM1 4BR"
"4720363784","54.358738","-4.52233","IM7 3BD"
"4770205299","54.147536","-4.484474","IM1 1JE"
"4969122524","54.32132","-4.381638","IM8 1JS"
"5159163410","54.147109","-4.485501","IM1 5AF"
"5159163411","54.147056","-4.485416","IM1 5AF"
"5159244165","54.083975","-4.763263","IM9 6HL"
"5160576843","54.085137","-4.759867","IM9 6HF"
"5161120724","54.166558","-4.464145","IM2 4NP"
"5162989593","54.147663","-4.484593","IM1 1JE"
"5162998754","54.147604","-4.484598","IM1 4QF"
"5331323721","54.151171","-4.496706","IM1 5EP"
"5448644574","54.222583","-4.693888","IM5 1HB"
"5448647413","54.222717","-4.693906","IM5 1HB"
"5677599322","54.320607","-4.378715","IM8 3AW"
"5755429521","54.086587","-4.75787","IM9 6LB"
"6123229686","54.385095","-4.449531","IM7 4JA"
"6213832686","54.368202","-4.464275","IM7 3EJ"
"6918863985","54.28691","-4.587425","IM6 1EE"
"7151277585","54.318194","-4.377193","IM8 2JA"
"7732165998","54.186017","-4.638269","IM4 3AU"
"8215111483","54.16553","-4.478727","IM2 4BD"
"8328949334","54.148702","-4.484132","IM1 1JD"
"8922119933","54.152865","-4.480113","IM1 2PG"
"9023586433","54.152912","-4.479372","IM1 2EX"
"9235558642","54.322751","-4.379195","IM8 1BG"
"9270605569","54.392103","-4.473895","IM7 3EQ"
"9294524227","54.319079","-4.423659","IM7 2AN"
"9332491586","54.168116","-4.531051","IM4 4AN"
"9386045433","54.0849","-4.759856","IM9 6HE"
"9473024605","54.321387","-4.38129","IM8 1JS"
"9690706643","54.073807","-4.654309","IM9 1DQ"
"9952891795","54.183749","-4.567011","IM4 2EE"
"9952891796","54.183667","-4.566862","IM4 2EE"
"10017458753","54.147893","-4.503105","IM2 1AL"
"10017522876","54.146445","-4.482914","IM1 5AJ"
"10018738330","54.153651","-4.486371","IM1 3PE"
"10048314648","54.320194","-4.38159","IM8 2EE"
"10048327440","54.085723","-4.756518","IM9 6AE"
"10049617008","54.151874","-4.478584","IM1 2LY"
"10134769069","54.148683","-4.481042","IM1 2AG"
"10151684348","54.151657","-4.479196","IM1 2EJ"
"10289485880","54.152571","-4.481133","IM1 2PR"
"10289949130","54.151241","-4.498107","IM1 5EW"
"10297500669","54.230149","-4.404273","IM4 7BQ"
"10297500670","54.230099","-4.404178","IM4 7BQ"
"10297500671","54.229992","-4.404022","IM4 7BQ"
"10298618525","54.322938","-4.395107","IM8 2LA"
"10298654508","54.323975","-4.388423","IM8 2LG"
"10298696213","54.323986","-4.389266","IM8 2LG"
"10598603548","54.319675","-4.378647","IM8 1LH"
"10618502535","54.14939","-4.48162","IM1 1LD"
"10618502536","54.149352","-4.481683","IM1 1LD"
"10618502559","54.148734","-4.486783","IM1 4LZ"
"10618669240","54.149461","-4.485672","IM1 1AZ"
"10620013851","54.150804","-4.483929","IM1 1AG"
"10620013853","54.150732","-4.483908","IM1 1AG"
"10623703243","54.149701","-4.481628","IM1 1JA"
"10631164329","54.150671","-4.518618","IM2 2BZ"
"10631871065","54.153441","-4.486721","IM1 3FH"
"10634772695","54.153458","-4.48428","IM1 3AQ"
"10634772696","54.154426","-4.486161","IM1 3EY"
"10659969550","54.175979","-4.458086","IM3 4EY"
"10659969551","54.175925","-4.458695","IM3 4EY"
"10659969552","54.175918","-4.458774","IM3 4EY"
"10659969558","54.175932","-4.458616","IM3 4EY"
"10659969559","54.175939","-4.458537","IM3 4EY"
"10661831348","54.309643","-4.541195","IM7 5JG"
"10669703775","54.322108","-4.38782","IM8 2LW"
"10669703776","54.321961","-4.388553","IM8 2LW"
"10672910129","54.326095","-4.389311","IM8 3EJ"
"10672910140","54.326366","-4.38954","IM8 3EJ"
"10672910141","54.326461","-4.389628","IM8 3EJ"
"10672910142","54.326504","-4.38966","IM8 3EJ"
"10672910143","54.326409","-4.389576","IM8 3EJ"
"10673109798","54.329977","-4.397731","IM8 3NY"
"10674039103","54.159724","-4.477969","IM2 4HD"
"10674039104","54.15966","-4.477911","IM2 4HD"
"10674302091","54.161471","-4.484114","IM2 3BA"
"10674302092","54.161248","-4.484205","IM2 3BA"
"10678898618","54.312799","-4.372737","IM7 1AD"
"10678898619","54.312396","-4.368629","IM7 1AD"
"10678898626","54.310092","-4.364102","IM7 1BN"
"10678898635","54.279354","-4.338094","IM7 1ED"
"10678898636","54.27992","-4.33786","IM7 1ED"
"10679222433","54.203045","-4.635335","IM4 3LU"
"10679439849","54.294477","-4.345462","IM7 1BE"
"10679439874","54.296878","-4.350295","IM7 1BF"
"10681854135","54.291323","-4.337041","IM7 1AZ"
"10681892881","54.321541","-4.37803","IM8 1ET"
"10683078472","54.301546","-4.353567","IM7 1AW"
"10683078474","54.301482","-4.3535","IM7 1AW"
"10683078480","54.303154","-4.352384","IM7 1AW"
"10683492835","54.348383","-4.493023","IM7 3BS"
"10683492836","54.348278","-4.493053","IM7 3BS"
"10683769278","54.26661","-4.372598","IM7 1HQ"
"10685392911","54.177398","-4.721183","IM5 3BP"
"10686043344","54.182318","-4.500029","IM4 5EH"
"10688883209","54.096187","-4.629497","IM99 6AB"
"10693193695","54.199963","-4.638457","IM4 3AR"
"10693864168","54.315906","-4.374061","IM8 1NL"
"10709045253","54.149885","-4.48057","IM1 1EJ"
"10709045254","54.149834","-4.48057","IM1 1EJ"
"10710776623","54.152111","-4.486356","IM1 3DH"
"10710776631","54.15264","-4.485604","IM1 3DH"
"10710776632","54.152684","-4.485552","IM1 3DQ"
"10710776633","54.152716","-4.485501","IM1 3DQ"
"10710776637","54.152304","-4.486082","IM1 3DH"
"10710776638","54.15215","-4.486301","IM1 3DH"
"10716379660","54.173712","-4.45643","IM3 1AS"
"10716379665","54.175305","-4.45309","IM3 1AL"
"10716515398","54.174665","-4.455458","IM3 1AG"
"10716515399","54.174706","-4.455497","IM3 1AG"
"10716515400","54.174742","-4.455543","IM3 1AG"
"10716515401","54.174782","-4.455655","IM3 1AG"
"10716515402","54.174813","-4.455712","IM3 1AG"
"10716515403","54.17502","-4.456082","IM3 1AG"
"10716515404","54.175054","-4.456142","IM3 1AG"
"10716540904","54.175014","-4.456563","IM3 1AG"
"10720127016","54.318283","-4.424204","IM7 2AL"
"10724496951","54.084604","-4.765317","IM9 6JA"
"10727454316","54.152431","-4.488877","IM1 4AN"
"10727513210","54.150855","-4.494449","IM1 4RE"
"10727767751","54.154367","-4.482367","IM1 3LX"
"10727767752","54.154012","-4.482454","IM1 3LX"
"10727767753","54.153291","-4.484172","IM1 3AQ"
"10727767754","54.153631","-4.484375","IM1 3AQ"
"10727767755","54.154538","-4.484471","IM1 3AJ"
"10727767756","54.153571","-4.48435","IM1 3AQ"
"10727767757","54.153791","-4.484392","IM1 3AH"
"10727767758","54.15425","-4.48444","IM1 3AH"
"10727767759","54.153848","-4.484398","IM1 3AH"
"10732996702","54.150687","-4.48281","IM1 1ED"
"10733020713","54.150306","-4.483333","IM1 1ED"
"10733868465","54.170454","-4.472248","IM2 6AW"
"10739224379","54.154778","-4.500247","IM1 4HQ"
"10739224380","54.154304","-4.497772","IM1 4EZ"
"10739808068","54.156567","-4.489088","IM2 3QG"
"10739808070","54.156692","-4.48876","IM2 3QG"
"10739808075","54.156952","-4.487189","IM2 3QE"
"10739808076","54.156931","-4.487282","IM2 3QE"
"10739808077","54.157067","-4.486595","IM2 3QE"
"10739808078","54.156771","-4.486917","IM2 3QD"
"10739808079","54.156737","-4.487081","IM2 3QD"
"10739808080","54.156868","-4.486444","IM2 3QD"
"10739808081","54.156721","-4.488667","IM2 3QG"
"10739811706","54.156133","-4.490107","IM2 3QH"
"10739811709","54.15594","-4.490962","IM2 3QJ"
"10739811710","54.155966","-4.49047","IM2 3QL"
"10739841166","54.157142","-4.492975","IM2 3NA"
"10739841167","54.157549","-4.491975","IM2 3NA"
"10739841168","54.157589","-4.491873","IM2 3NA"
"10739841169","54.157114","-4.49305","IM2 3NA"
"10739841170","54.157078","-4.493143","IM2 3NA"
"10740059374","54.155977","-4.507625","IM2 1HQ"
"10740179619","54.195828","-4.52681","IM4 5HE"
"10740266980","54.231512","-4.617018","IM4 3NR"
"10741582335","54.169255","-4.628694","IM4 3HG"
"10741696261","54.131566","-4.638525","IM9 3AY"
"10741696262","54.133119","-4.638091","IM9 3AY"
"10741696263","54.12988","-4.638975","IM9 3EN"
"10742329750","54.319909","-4.404317","IM7 2AB"
"10743122509","54.169796","-4.495736","IM4 4QB"
"10743252790","54.151848","-4.482425","IM1 2QA"
"10743252792","54.151857","-4.481901","IM1 2QA"
"10743252793","54.151925","-4.481905","IM1 2QA"
"10764549845","54.323411","-4.394238","IM8 2LA"
"10766214976","54.155415","-4.486338","IM1 3HD"
"10766214977","54.155285","-4.486339","IM1 3HE"
"10766214978","54.155401","-4.486415","IM1 3HD"
"10766214979","54.155251","-4.487247","IM1 3HD"
"10766214980","54.15522","-4.486718","IM1 3HE"
"10766214981","54.155141","-4.487171","IM1 3HE"
"10766214982","54.154958","-4.486028","IM1 3HG"
"10766214983","54.155127","-4.486195","IM1 3HF"
"10766214984","54.155139","-4.486125","IM1 3HF"
"10766214985","54.154963","-4.487114","IM1 3HF"
"10766214986","54.154896","-4.486459","IM1 3HG"
"10766214987","54.154814","-4.487018","IM1 3HG"
"10766214990","54.154856","-4.486734","IM1 3HG"
"10766884539","54.321772","-4.381853","IM8 1AP"
"10768715417","54.1544","-4.483616","IM1 3LA"
"10768715419","54.154384","-4.482813","IM1 3LF"
"10769511471","54.158893","-4.484262","IM2 3HF"
"10769511474","54.15868","-4.483516","IM2 3HF"
"10769511516","54.159089","-4.483902","IM2 3HG"
"10769511520","54.159174","-4.484171","IM2 3HG"
"10769511521","54.158815","-4.483049","IM2 3HG"
"10769626554","54.175993","-4.444298","IM3 2DX"
"10769626555","54.175446","-4.444308","IM3 2DU"
"10769626556","54.175584","-4.444429","IM3 2DU"
"10769626557","54.175353","-4.444203","IM3 2DU"
"10769626558","54.175263","-4.444122","IM3 2DU"
"10769626561","54.176716","-4.445591","IM3 2DN"
"10782024752","54.154309","-4.484447","IM1 3AJ"
"10782024753","54.15375","-4.484387","IM1 3AQ"
"10829691496","54.320747","-4.379561","IM8 1LE"
"10852484597","54.148728","-4.47508","IM1 2BS"
"10868989796","54.213173","-4.630163","IM4 3NH"
"10878157952","54.182683","-4.523529","IM4 4HP"
"10878997157","54.150712","-4.5781","IM4 2HW"
"10889622603","54.167182","-4.461962","IM2 4NR"
"10925748866","54.319661","-4.378623","IM8 1LH"
"10929120365","54.321102","-4.379829","IM8 1LA"
"10929268791","54.148581","-4.480355","IM1 1EL"
"10992195968","54.148469","-4.475113","IM1 2BS"
"11065407816","54.276605","-4.354234","IM7 1EJ"
"11142526714","54.216638","-4.403678","IM4 7HJ"
"11143841441","54.221903","-4.416713","IM4 7JX"
"11167079594","54.084233","-4.745883","IM9 6DP"
"11167151440","54.086007","-4.755693","IM9 6AN"
"11182101772","54.158253","-4.479098","IM2 4EW"
"11197748568","54.106338","-4.638329","IM9 3DS"
"11208072343","54.16974","-4.455937","IM3 1HU"
"11208072344","54.169701","-4.456178","IM3 1HU"
"11237032301","54.085388","-4.757828","IM9 6AN"
"11239685440","54.150302","-4.499447","IM3 1AD"
"11261590907","54.174835","-4.454356","IM3 1AL"
"11268240242","54.175634","-4.444485","IM3 2DU"
"11268240243","54.175942","-4.444233","IM3 2DX"
"11283514650","54.155114","-4.527305","IM2 2NF"
"11362408576","54.152384","-4.481502","IM1 2QG"
"11492613763","54.169867","-4.495847","IM4 4QB"
"11492613764","54.169938","-4.495959","IM4 4QB"
"11737422225","54.092048","-4.627416","IM9 2AJ"
"11769042155","54.162748","-4.471248","IM2 4NA"
"25986360","","","IM2 6AL"
"36993018","","","IM1 2SP"
"38256633","","","IM9 2AS"
"38300992","","","IM9 3DB"
"38301009","","","IM9 1LA"
"38482826","","","IM1 5AF"
"38499565","","","IM1 1EG"
"38697037","","","IM2 1AE"
"39658905","","","IM7 5EA"
"39658909","","","IM7 1AT"
"58706853","","","IM1 4LE"
"58706857","","","IM1 2BQ"
"59276107","","","IM1 2LN"
"59276112","","","IM1 5PD"
"59276116","","","IM1 2BQ"
"59278242","","","IM1 1EN"
"59279322","","","IM1 3LY"
"59284200","","","IM2 4RG"
"59284206","","","IM2 4RE"
"59284246","","","IM2 4NA"
"59284274","","","IM2 4EZ"
"59285948","","","IM1 2RW"
"59287712","","","IM2 1RB"
"59287720","","","IM1 5ED"
"59287722","","","IM1 5ED"
"59321670","","","IM1 5BW"
"59384635","","","IM1 5BF"
"59384658","","","IM1 5AJ"
"59384664","","","IM1 5AR"
"59384690","","","IM1 5AN"
"59384695","","","IM2 1QB"
"59384795","","","IM1 1JD"
"59384842","","","IM1 2PT"
"59384905","","","IM1 3AR"
"59384912","","","IM1 2SF"
"59400622","","","IM9 5PX"
"59522588","","","IM2 2SP"
"59522596","","","IM2 2QZ"
"59522599","","","IM2 2QU"
"59522621","","","IM2 1AA"
"59523528","","","IM4 1JE"
"59523535","","","IM4 2HT"
"59523616","","","IM2 2QZ"
"59523618","","","IM2 2SP"
"59523619","","","IM2 2QZ"
"59523628","","","IM2 2QZ"
"59540949","","","IM9 1TU"
"59540965","","","IM9 2AP"
"59540974","","","IM9 2AP"
"59540983","","","IM9 2AP"
"59540985","","","IM9 2AP"
"59541005","","","IM9 2RS"
"59541006","","","IM9 2AA"
"59541015","","","IM9 2RG"
"59541016","","","IM9 2SE"
"59582056","","","IM9 3BB"
"59582063","","","IM9 3BB"
"59652554","","","IM9 1RA"
"59700887","","","IM5 1AH"
"59700895","","","IM5 1TG"
"59700905","","","IM5 1TB"
"59995917","","","IM9 2AN"
"59995918","","","IM9 2AN"
"59996953","","","IM9 1EE"
"60005400","","","IM9 1RE"
"60007259","","","IM9 6JA"
"60007292","","","IM9 6AB"
"60007294","","","IM9 6AD"
"60007307","","","IM9 6AL"
"60048699","","","IM9 6AN"
"60048738","","","IM9 6AE"
"60048739","","","IM9 6AE"
"60048752","","","IM9 6AE"
"60048757","","","IM9 6AF"
"60048759","","","IM9 6AP"
"60048761","","","IM9 6EN"
"60177026","","","IM4 3AR"
"60177067","","","IM4 3EX"
"60355802","","","IM9 1AZ"
"60355806","","","IM9 1BA"
"60366122","","","IM9 1EG"
"60366124","","","IM9 1EG"
"60366125","","","IM9 1EG"
"60366135","","","IM9 1EH"
"60474353","","","IM2 2RD"
"60499871","","","IM9 4LH"
"60582611","","","IM9 1ED"
"60582612","","","IM9 1ED"
"60582614","","","IM9 1EN"
"60582618","","","IM9 1ED"
"60582619","","","IM9 1EJ"
"60582620","","","IM9 1EP"
"60582626","","","IM9 1EJ"
"60582627","","","IM9 1EN"
"60582630","","","IM9 1EW"
"60582631","","","IM9 1EE"
"60582632","","","IM9 1ED"
"60582633","","","IM9 1ED"
"60582635","","","IM9 1TG"
"60582640","","","IM9 1ED"
"60582641","","","IM9 1EP"
"60582642","","","IM9 1EW"
"60582647","","","IM9 1ED"
"60582648","","","IM9 1EF"
"60582652","","","IM9 1ED"
"60582655","","","IM9 1EN"
"60582661","","","IM9 1ED"
"60582663","","","IM9 1EJ"
"60582664","","","IM9 1EN"
"60582666","","","IM9 1EW"
"60582668","","","IM9 1EP"
"60582673","","","IM9 1EN"
"60582676","","","IM9 1ED"
"60582678","","","IM9 1EW"
"60582681","","","IM9 1EJ"
"60582682","","","IM9 1EP"
"60582685","","","IM9 1EW"
"60582687","","","IM9 1EF"
"60582690","","","IM9 1ED"
"60582693","","","IM9 1EN"
"60582700","","","IM9 1ED"
"60582701","","","IM9 1ED"
"60582702","","","IM9 1EN"
"60582704","","","IM9 1EJ"
"60582705","","","IM9 1EJ"
"60582711","","","IM9 1EW"
"60582712","","","IM9 1EW"
"60582713","","","IM9 1ED"
"60582714","","","IM9 1EN"
"60582716","","","IM9 1EE"
"60582720","","","IM9 1ED"
"60611786","","","IM9 1EL"
"60611787","","","IM9 1EL"
"60611789","","","IM9 1EL"
"60611790","","","IM9 1EL"
"60611792","","","IM9 1EL"
"60611793","","","IM9 1EL"
"60611795","","","IM9 1EL"
"60611796","","","IM9 1EL"
"60611799","","","IM9 1EL"
"60611801","","","IM9 1EL"
"60675010","","","IM1 2AS"
"60675022","","","IM1 2LY"
"60681543","","","IM7 3BD"
"60681556","","","IM7 3BJ"
"60694794","","","IM9 5RB"
"60705575","","","IM2 1AL"
"60705584","","","IM2 1AL"
"60705585","","","IM2 1AL"
"60705605","","","IM2 1AB"
"60705650","","","IM1 5ED"
"60757131","","","IM9 1LD"
"60777008","","","IM9 1BB"
"60777009","","","IM9 1BB"
"60777010","","","IM9 1BB"
"60777011","","","IM9 1BB"
"60777012","","","IM9 1BB"
"60777013","","","IM9 1BB"
"60777014","","","IM9 1BB"
"60777015","","","IM9 1BB"
"60777016","","","IM9 1BB"
"60777017","","","IM9 1BB"
"60777018","","","IM9 1BB"
"60777019","","","IM9 1BB"
"60777020","","","IM9 1BB"
"60848580","","","IM9 1BD"
"60848581","","","IM9 1BD"
"60848582","","","IM9 1BD"
"60848587","","","IM9 1BD"
"60848588","","","IM9 1BD"
"60848592","","","IM9 1BD"
"60848593","","","IM9 1BD"
"60848606","","","IM9 1BD"
"60848613","","","IM9 1BD"
"60848617","","","IM9 1BD"
"60848620","","","IM9 1BD"
"60848624","","","IM9 1BD"
"60848625","","","IM9 1BD"
"60848626","","","IM9 1BD"
"60863081","","","IM9 6LN"
"60928923","","","IM1 2AS"
"60930657","","","IM9 1LE"
"61240313","","","IM9 1DQ"
"61561689","","","IM1 3DX"
"61561694","","","IM1 3DT"
"61561703","","","IM1 4AQ"
"61561709","","","IM1 3DE"
"61561712","","","IM1 1RL"
"61561713","","","IM1 1BQ"
"61562464","","","IM1 4BE"
"61580810","","","IM1 1LD"
"61580811","","","IM1 1EQ"
"61580816","","","IM1 3PW"
"61580821","","","IM1 1EQ"
"61596119","","","IM1 4NT"
"61597680","","","IM4 4QE"
"61597682","","","IM4 4QJ"
"61597684","","","IM4 4QJ"
"61597696","","","IM4 4TQ"
"61673157","","","IM9 5EJ"
"61673161","","","IM9 5DS"
"62091772","","","IM1 2EF"
"62092195","","","IM1 2SD"
"62118205","","","IM1 2BS"
"62226361","","","IM1 2HQ"
"62226362","","","IM1 2HQ"
"62226365","","","IM1 2NB"
"62226368","","","IM1 2HQ"
"62226369","","","IM1 2HQ"
"62226370","","","IM1 2HQ"
"62226372","","","IM1 2HF"
"62226373","","","IM1 2PH"
"62241454","","","IM2 5RB"
"62241456","","","IM1 3PQ"
"62241459","","","IM1 3AL"
"62241468","","","IM2 5RA"
"62241469","","","IM1 3AL"
"62241471","","","IM2 3BR"
"62241472","","","IM1 3LP"
"62390312","","","IM9 5LZ"
"62393621","","","IM5 3BS"
"62754923","","","IM5 1RD"
"64880025","","","IM9 1EB"
"64880031","","","IM9 1EB"
"64880032","","","IM9 1EB"
"64980920","","","IM9 1EA"
"64980921","","","IM9 1EB"
"64980922","","","IM9 1EB"
"64980923","","","IM9 1EB"
"64980924","","","IM9 1EA"
"64980925","","","IM9 1EA"
"64980926","","","IM9 1EA"
"64980927","","","IM9 1EA"
"64980933","","","IM9 1EA"
"64980934","","","IM9 1EA"
"64980935","","","IM9 1EB"
"64980941","","","IM9 1EB"
"64980944","","","IM9 1EB"
"64980945","","","IM9 1EB"
"64980946","","","IM9 1EB"
"64980950","","","IM9 1EB"
"64980951","","","IM9 1EB"
"64980952","","","IM9 1EB"
"64980953","","","IM9 1EB"
"64980955","","","IM9 1EA"
"64980957","","","IM9 1EA"
"64980958","","","IM9 1EA"
"64980959","","","IM9 1EA"
"64980961","","","IM9 1EA"
"64980962","","","IM9 1EA"
"64980963","","","IM9 1EB"
"66343961","","","IM9 1LH"
"67496463","","","IM1 2EX"
"67761902","","","IM9 2DR"
"67761906","","","IM9 2DQ"
"67761910","","","IM9 2DD"
"68245523","","","IM5 1HH"
"68245524","","","IM5 1HP"
"68832219","","","IM9 4EB"
"71521258","","","IM4 7AR"
"72439752","","","IM4 7AU"
"72439755","","","IM4 7BA"
"72439760","","","IM4 7DU"
"77415322","","","IM1 5BY"
"77818790","","","IM2 4NL"
"77818835","","","IM2 4NL"
"77963983","","","IM3 4PB"
"77963984","","","IM3 3LA"
"77964050","","","IM2 6RD"
"77964053","","","IM2 6RB"
"78029263","","","IM3 4LT"
"78029284","","","IM3 4PA"
"78029290","","","IM3 4PD"
"78036147","","","IM4 4LH"
"78036194","","","IM4 4LH"
"78036202","","","IM4 4HL"
"78189895","","","IM4 3LW"
"78191251","","","IM4 3NA"
"78507971","","","IM2 2ST"
"79122768","","","IM9 3DA"
"79122772","","","IM9 2EQ"
"79136913","","","IM2 1QH"
"79141575","","","IM1 1BB"
"79141576","","","IM1 3PW"
"79141580","","","IM1 1AG"
"79141583","","","IM1 1AE"
"79141590","","","IM1 1AD"
"79141591","","","IM1 1AQ"
"79141596","","","IM1 1EB"
"79141598","","","IM1 1JA"
"79141601","","","IM1 1ET"
"79141602","","","IM1 1QS"
"79141605","","","IM1 1ER"
"79141608","","","IM1 1LB"
"79141609","","","IM1 1LB"
"79141614","","","IM1 1JB"
"79141617","","","IM1 1LB"
"79141622","","","IM1 1JB"
"79141625","","","IM1 1QH"
"79141632","","","IM1 2AG"
"79141634","","","IM1 1JB"
"79141637","","","IM1 1JB"
"79141651","","","IM1 4LQ"
"79143093","","","IM1 4LB"
"79143096","","","IM1 4LB"
"79143098","","","IM1 1LH"
"79143110","","","IM1 1EL"
"79143113","","","IM1 1EW"
"79143118","","","IM99 1AD"
"79143400","","","IM1 1LD"
"79143401","","","IM1 1LD"
"79143402","","","IM1 1LD"
"79143403","","","IM1 1LD"
"79143412","","","IM1 1JA"
"79143415","","","IM1 1JA"
"79144537","","","IM4 4QB"
"79144602","","","IM4 4QD"
"79144623","","","IM4 4QB"
"79144633","","","IM4 4QB"
"79144669","","","IM4 4QE"
"79144679","","","IM4 4QE"
"79191032","","","IM2 6PQ"
"79212621","","","IM2 7EA"
"79212629","","","IM2 7PA"
"79240219","","","IM4 4AR"
"79372973","","","IM1 5EH"
"79372980","","","IM1 5ED"
"79372992","","","IM1 5EQ"
"79396808","","","IM9 6HH"
"79398090","","","IM9 6AQ"
"79398094","","","IM9 6AQ"
"79398099","","","IM9 6AG"
"79398103","","","IM9 6AQ"
"79398105","","","IM9 6AQ"
"80509025","","","IM3 1DZ"
"80981736","","","IM1 2BY"
"80984687","","","IM1 2LE"
"80984768","","","IM1 2LE"
"80984864","","","IM1 2LE"
"80989823","","","IM1 2LX"
"81446764","","","IM1 2ES"
"81446772","","","IM1 2LY"
"82466836","","","IM1 4LX"
"82466841","","","IM1 4NN"
"82466849","","","IM1 4NN"
"82466857","","","IM1 5EP"
"82466858","","","IM1 4RE"
"82563973","","","IM2 4HQ"
"82564029","","","IM2 3HT"
"82568077","","","IM2 5EE"
"82569385","","","IM2 5PA"
"82614373","","","IM1 3AQ"
"82614380","","","IM1 2QD"
"82614384","","","IM1 2QD"
"82614387","","","IM1 2QD"
"82614390","","","IM1 3AG"
"82614397","","","IM1 3AD"
"82614404","","","IM1 2QA"
"82614408","","","IM1 2QD"
"82614409","","","IM1 2QD"
"82614415","","","IM1 3DG"
"82614416","","","IM1 3DF"
"82628751","","","IM4 3EU"
"82651994","","","IM9 1HX"
"82652006","","","IM9 1HS"
"82652016","","","IM9 1HY"
"82652019","","","IM9 1HY"
"82659045","","","IM1 4NH"
"82659048","","","IM1 4NH"
"82659050","","","IM1 4NH"
"82659064","","","IM1 4NJ"
"82659068","","","IM1 4NL"
"82674223","","","IM1 1BF"
"82674240","","","IM1 1BF"
"82674250","","","IM1 3DE"
"82674254","","","IM1 3DE"
"82674255","","","IM1 3DE"
"82674263","","","IM1 1BD"
"82674265","","","IM1 1BD"
"82674271","","","IM1 1BD"
"82674286","","","IM1 1BD"
"82674310","","","IM1 1BD"
"82674370","","","IM1 4AQ"
"82674373","","","IM1 4AQ"
"82691376","","","IM9 1LG"
"82726598","","","IM1 2PA"
"83351176","","","IM6 1AJ"
"83369964","","","IM1 3JX"
"87988780","","","IM9 5PZ"
"91347821","","","IM9 1HQ"
"91347826","","","IM9 1BG"
"91347827","","","IM9 1HH"
"91347830","","","IM9 1JL"
"91347834","","","IM9 1NG"
"91347835","","","IM9 1HQ"
"91347841","","","IM9 1BE"
"91347842","","","IM9 1HH"
"91347844","","","IM9 1HQ"
"91347847","","","IM9 1NF"
"91347849","","","IM9 1JL"
"91347850","","","IM9 1BQ"
"91347851","","","IM9 1HH"
"91347858","","","IM9 1HQ"
"91347864","","","IM9 1HH"
"91347867","","","IM9 1JL"
"91347870","","","IM9 1NG"
"91347871","","","IM9 1HQ"
"91347877","","","IM9 1HH"
"91347880","","","IM9 1JL"
"91347884","","","IM9 1HL"
"91347885","","","IM9 1NG"
"91347895","","","IM9 1HQ"
"91347899","","","IM9 1HL"
"91347901","","","IM9 1HH"
"91347904","","","IM9 1HH"
"91347907","","","IM9 1HL"
"91347910","","","IM9 1NG"
"91347912","","","IM9 1HQ"
"91347917","","","IM9 1JL"
"91347919","","","IM9 1JL"
"91347923","","","IM9 1HQ"
"91347926","","","IM9 1NG"
"91347927","","","IM9 1HH"
"91347935","","","IM9 1HH"
"91347942","","","IM9 1HQ"
"91347943","","","IM9 1NG"
"91347944","","","IM9 1HH"
"91347946","","","IM9 1AX"
"91347949","","","IM9 1HF"
"91347953","","","IM9 1HL"
"91347954","","","IM9 1HQ"
"91347957","","","IM9 1HL"
"91347958","","","IM9 1HH"
"91347961","","","IM9 1HH"
"91347964","","","IM9 1HF"
"91347969","","","IM9 1HQ"
"91347974","","","IM9 1BJ"
"91347976","","","IM9 1HH"
"91347977","","","IM9 1AX"
"91347979","","","IM9 1JL"
"91347983","","","IM9 1NG"
"91347984","","","IM9 1HQ"
"91347997","","","IM9 1HH"
"91347999","","","IM9 1JL"
"91348004","","","IM9 1HQ"
"91348005","","","IM9 1NG"
"91348010","","","IM9 1HL"
"91348016","","","IM9 1HQ"
"91348018","","","IM9 1HL"
"91348019","","","IM9 1HH"
"91348021","","","IM9 1HH"
"91348024","","","IM9 1HF"
"91348028","","","IM9 1HQ"
"91348036","","","IM9 1HH"
"91348039","","","IM9 1HL"
"91348042","","","IM9 1NG"
"91348044","","","IM9 1HQ"
"91348050","","","IM9 1HH"
"91348052","","","IM9 1HQ"
"91348056","","","IM9 1HQ"
"91348057","","","IM9 1HH"
"91348059","","","IM9 1HH"
"91348063","","","IM9 1HF"
"91348067","","","IM9 1HQ"
"91348071","","","IM9 1HG"
"91348072","","","IM9 1JL"
"91348078","","","IM9 1HF"
"92112419","","","IM4 3HL"
"97313615","","","IM3 1LB"
"99323327","","","IM8 1JL"
"99350139","","","IM8 2LL"
"99527521","","","IM9 1AS"
"99527528","","","IM9 1AP"
"99527533","","","IM9 1AS"
"99527540","","","IM9 1AP"
"99527556","","","IM9 1AS"
"99527571","","","IM9 1AP"
"99527575","","","IM9 1AP"
"99527582","","","IM9 1AR"
"99527609","","","IM9 1AS"
"99582499","","","IM7 4BP"
"99608826","","","IM9 1LW"
"99861920","","","IM9 1RB"
"100018176","","","IM9 1LG"
"100054341","","","IM9 1LH"
"100438915","","","IM9 1NX"
"100438918","","","IM9 1NX"
"100438928","","","IM9 1NX"
"100438934","","","IM9 1NX"
"100438940","","","IM9 1LN"
"100438942","","","IM9 1NX"
"100438948","","","IM9 1NX"
"100438949","","","IM9 1NX"
"100442359","","","IM9 1LW"
"100442374","","","IM9 1LW"
"100443837","","","IM9 1LF"
"100443838","","","IM9 1LF"
"100443848","","","IM9 1LF"
"100464698","","","IM9 1PA"
"100464701","","","IM9 1PZ"
"100464703","","","IM9 1PB"
"100464714","","","IM9 1PB"
"100464720","","","IM9 1PA"
"100464722","","","IM9 1PA"
"100464745","","","IM9 1PB"
"100464749","","","IM9 1PB"
"100464750","","","IM9 1NS"
"100464763","","","IM9 1PB"
"100464766","","","IM9 1PA"
"100464768","","","IM9 1PB"
"100464782","","","IM9 1PZ"
"100464785","","","IM9 1PB"
"100464788","","","IM9 1PZ"
"100464790","","","IM9 1NX"
"100464791","","","IM9 1PB"
"100464798","","","IM9 1LF"
"100464801","","","IM9 1NX"
"100464805","","","IM9 1PA"
"100464809","","","IM9 1PA"
"100464813","","","IM9 1PB"
"100464832","","","IM9 1PZ"
"100464840","","","IM9 1PZ"
"100464848","","","IM9 1PZ"
"100464862","","","IM9 1NX"
"100464866","","","IM9 1PZ"
"100464871","","","IM9 1PA"
"100464879","","","IM9 1PB"
"100464887","","","IM9 1PZ"
"100464901","","","IM9 1PZ"
"100464910","","","IM9 1LA"
"100464923","","","IM9 1PB"
"100464931","","","IM9 1PZ"
"100464934","","","IM9 1PA"
"100464936","","","IM9 1PA"
"100464938","","","IM9 1PA"
"100464945","","","IM9 1PZ"
"100464954","","","IM9 1PA"
"100464986","","","IM9 1NX"
"100540247","","","IM9 1TB"
"100540248","","","IM9 1NS"
"100540249","","","IM9 1NW"
"100540250","","","IM9 1NU"
"100540251","","","IM9 1NT"
"100540252","","","IM9 1NP"
"100540253","","","IM9 1NU"
"100540254","","","IM9 1NS"
"100540255","","","IM9 1NW"
"100540256","","","IM9 1NS"
"100540258","","","IM9 1NP"
"100540259","","","IM9 1NS"
"100540260","","","IM9 1NP"
"100540261","","","IM9 1NP"
"100540262","","","IM9 1NW"
"100540264","","","IM9 1NT"
"100540265","","","IM9 1NP"
"100540266","","","IM9 1NW"
"100540267","","","IM9 1NT"
"100540268","","","IM9 1NS"
"100540269","","","IM9 1NT"
"100540270","","","IM9 1NP"
"100540271","","","IM9 1NT"
"100540272","","","IM9 1TA"
"100540273","","","IM9 1NS"
"100540274","","","IM9 1NW"
"100540275","","","IM9 1TB"
"100540276","","","IM9 1NP"
"100540277","","","IM9 1NT"
"100540278","","","IM9 1NU"
"100540281","","","IM9 1NW"
"100540282","","","IM9 1TB"
"100540283","","","IM9 1NP"
"100540285","","","IM9 1NP"
"100540286","","","IM9 1NW"
"100540287","","","IM9 1NS"
"100540288","","","IM9 1NU"
"100540289","","","IM9 1NW"
"100540291","","","IM9 1NS"
"100540294","","","IM9 1NU"
"100540295","","","IM9 1NP"
"100540296","","","IM9 1NW"
"100540297","","","IM9 1NU"
"100540299","","","IM9 1NW"
"100540300","","","IM9 1NP"
"100540302","","","IM9 1NU"
"100540303","","","IM9 1NT"
"100540304","","","IM9 1NT"
"100540305","","","IM9 1NP"
"100540306","","","IM9 1NU"
"100540307","","","IM9 1NU"
"100540308","","","IM9 1NW"
"100540309","","","IM9 1NW"
"100540311","","","IM9 1NS"
"100540312","","","IM9 1NU"
"100540313","","","IM9 1NP"
"100540314","","","IM9 1NU"
"100540315","","","IM9 1NP"
"100540318","","","IM9 1NU"
"100540319","","","IM9 1NW"
"100540320","","","IM9 1NT"
"100540322","","","IM9 1NS"
"100540323","","","IM9 1NP"
"100540324","","","IM9 1NS"
"100540325","","","IM9 1NP"
"100547604","","","IM9 2DA"
"100802755","","","IM9 1HZ"
"100802757","","","IM9 1HZ"
"101393009","","","IM9 6BD"
"101393050","","","IM9 6BD"
"101418439","","","IM9 5LF"
"101418449","","","IM9 5LF"
"101423822","","","IM9 5LW"
"101756494","","","IM9 6AE"
"101756496","","","IM9 6AE"
"101756502","","","IM9 6AE"
"101772717","","","IM9 6AE"
"101772734","","","IM9 6AQ"
"101772759","","","IM9 6AE"
"101772779","","","IM9 6AE"
"101772793","","","IM9 6AE"
"101772845","","","IM9 6AQ"
"101772870","","","IM9 6AE"
"101772901","","","IM9 6AQ"
"101772906","","","IM9 6AE"
"101772936","","","IM9 6AQ"
"101784664","","","IM9 5EU"
"101784683","","","IM9 5DW"
"101784693","","","IM9 5EU"
"101784710","","","IM9 5DS"
"101784714","","","IM9 5DP"
"101784728","","","IM9 5DS"
"101784744","","","IM9 5DS"
"101784748","","","IM9 5EU"
"101790106","","","IM9 5DN"
"101790109","","","IM9 5DW"
"101790121","","","IM9 5DR"
"101790146","","","IM9 5DR"
"101790168","","","IM9 5DN"
"101790172","","","IM9 5DW"
"101790185","","","IM9 5DX"
"101812242","","","IM9 5AQ"
"101812284","","","IM9 5AH"
"101812317","","","IM9 5AQ"
"101833314","","","IM9 6LN"
"101833335","","","IM9 6JJ"
"101833338","","","IM9 6JA"
"101833349","","","IM9 6JA"
"101852644","","","IM9 6EF"
"101852647","","","IM9 6EF"
"101852656","","","IM9 6EF"
"101852674","","","IM9 6EF"
"101852677","","","IM9 6EF"
"101852686","","","IM9 6EF"
"101852687","","","IM9 6EF"
"101852690","","","IM9 6EF"
"101852693","","","IM9 6EF"
"101852708","","","IM9 6EF"
"101852710","","","IM9 6EF"
"101852724","","","IM9 6EF"
"101852729","","","IM9 6EF"
"101852734","","","IM9 6EF"
"101875032","","","IM9 5EF"
"101875040","","","IM9 5EF"
"101875078","","","IM9 5EE"
"101875083","","","IM9 5EE"
"101875085","","","IM9 5EA"
"101875091","","","IM9 5ED"
"101875095","","","IM9 5EA"
"101875103","","","IM9 5EF"
"101875114","","","IM9 5EF"
"101875129","","","IM9 5EB"
"101875132","","","IM9 5EA"
"101875139","","","IM9 5EG"
"101875149","","","IM9 5EA"
"101875153","","","IM9 5EF"
"101875155","","","IM9 5EA"
"101954778","","","IM9 5EU"
"101959613","","","IM9 5EL"
"102227003","","","IM9 5PW"
"102634954","","","IM8 1LJ"
"102634960","","","IM8 1LF"
"102638456","","","IM8 1BJ"
"102638461","","","IM8 1AR"
"102638462","","","IM8 1LA"
"102638473","","","IM8 1BJ"
"102638477","","","IM8 1JH"
"102638491","","","IM8 1JF"
"102638493","","","IM8 1JY"
"102638494","","","IM8 1ET"
"102638495","","","IM8 1BJ"
"102638510","","","IM8 1JH"
"102734577","","","IM8 3DT"
"102734588","","","IM8 3AR"
"102737950","","","IM8 2JA"
"102783325","","","IM8 1DW"
"102783326","","","IM8 1AW"
"102783327","","","IM8 1DW"
"102783328","","","IM8 1DW"
"102783332","","","IM8 1DW"
"102783333","","","IM8 1DW"
"102783334","","","IM8 1AW"
"102783336","","","IM8 1DW"
"102783343","","","IM8 1DW"
"102783345","","","IM8 1DW"
"102783350","","","IM8 1DW"
"102783353","","","IM8 1AP"
"102783355","","","IM8 1AP"
"102783357","","","IM8 1AP"
"102785165","","","IM8 1AS"
"102785176","","","IM8 1JE"
"102785180","","","IM8 1AS"
"102785206","","","IM8 1AS"
"102785218","","","IM8 1AS"
"102785222","","","IM8 1AS"
"102785230","","","IM8 1AS"
"102785238","","","IM8 1AS"
"102856109","","","IM8 2LQ"
"102856113","","","IM8 2LQ"
"102856121","","","IM8 1AH"
"102856131","","","IM8 1AQ"
"102856132","","","IM8 1AY"
"102856134","","","IM8 1AF"
"102856141","","","IM8 1AH"
"102856147","","","IM8 1AF"
"102856152","","","IM8 1AF"
"102856160","","","IM8 1AF"
"102856165","","","IM8 2LQ"
"102856169","","","IM8 1AH"
"102856170","","","IM8 1AF"
"102856171","","","IM8 1AF"
"102856174","","","IM8 1AQ"
"102856192","","","IM8 1AF"
"102856200","","","IM8 1AF"
"102856205","","","IM8 2LH"
"102856211","","","IM8 1AG"
"102856214","","","IM8 1AF"
"102869148","","","IM8 1DR"
"102869149","","","IM8 1ER"
"102869156","","","IM8 1DT"
"102869171","","","IM8 1EH"
"102890335","","","IM8 1AQ"
"102890336","","","IM8 1AQ"
"102890347","","","IM8 1AQ"
"102890354","","","IM8 2EL"
"102890363","","","IM8 1AQ"
"102890379","","","IM8 2EN"
"102890381","","","IM8 1AQ"
"102890382","","","IM8 2EN"
"102890387","","","IM8 2EN"
"102890400","","","IM8 2EL"
"102890406","","","IM8 2EL"
"103441615","","","IM9 1LQ"
"103485031","","","IM9 2AT"
"103529549","","","IM9 2ED"
"103529572","","","IM9 4PQ"
"103529574","","","IM9 4PN"
"103529579","","","IM9 4PN"
"103567073","","","IM1 4NN"
"103922650","","","IM9 1BQ"
"103922674","","","IM9 1BJ"
"103928957","","","IM9 1BG"
"103928969","","","IM9 1TL"
"103928970","","","IM9 1TL"
"103928976","","","IM9 1TL"
"103928977","","","IM9 1TL"
"103928978","","","IM9 1TL"
"103928980","","","IM9 1TL"
"103928981","","","IM9 1TL"
"103928982","","","IM9 1TL"
"103928983","","","IM9 1TL"
"103928984","","","IM9 1TL"
"103928985","","","IM9 1TL"
"103928986","","","IM9 1TL"
"103928987","","","IM9 1TL"
"103928988","","","IM9 1TL"
"103928989","","","IM9 1TL"
"103928991","","","IM9 1TL"
"103988128","","","IM9 6EF"
"103988139","","","IM9 6EF"
"103988155","","","IM9 6EF"
"103988159","","","IM9 6EF"
"103988169","","","IM9 6EF"
"103988170","","","IM9 6EF"
"103988171","","","IM9 6EF"
"103988179","","","IM9 6EF"
"103988183","","","IM9 6EF"
"104009494","","","IM9 6EF"
"104009500","","","IM9 6EF"
"104009507","","","IM9 6EF"
"104009513","","","IM9 6EF"
"104009518","","","IM9 6EF"
"104009520","","","IM9 6EF"
"104009534","","","IM9 6EF"
"104009544","","","IM9 6EF"
"104009553","","","IM9 6EF"
"104009566","","","IM9 6EF"
"104009570","","","IM9 6EF"
"104009574","","","IM9 6EF"
"104009579","","","IM9 6EF"
"104009580","","","IM9 6EF"
"104009583","","","IM9 6EF"
"104009585","","","IM9 6EF"
"104009595","","","IM9 6EF"
"104339303","","","IM9 6PQ"
"104422614","","","IM9 6PS"
"104720046","","","IM9 6QL"
"104720051","","","IM9 6QL"
"104720061","","","IM9 6QL"
"104720091","","","IM9 6QL"
"104720114","","","IM9 6QL"
"104720129","","","IM9 6QP"
"104721110","","","IM9 6TA"
"104794519","","","IM4 4RJ"
"104794520","","","IM4 4RJ"
"104794522","","","IM4 4RP"
"104794549","","","IM4 4RH"
"104794554","","","IM4 4RJ"
"104794576","","","IM4 4RJ"
"104804398","","","IM2 4HD"
"104901888","","","IM1 3LY"
"104901891","","","IM1 3LY"
"104901908","","","IM1 3LY"
"104901932","","","IM1 3LQ"
"104901936","","","IM1 3LY"
"105039203","","","IM9 5LX"
"105039320","","","IM9 5LZ"
"105039334","","","IM9 5LZ"
"105051020","","","IM9 4AW"
"105051221","","","IM9 5NA"
"105170776","","","IM9 4AD"
"108818941","","","IM6 1EE"
"109903546","","","IM7 4BN"
"110381382","","","IM7 3BB"
"112574139","","","IM4 5EU"
"112577391","","","IM6 1AJ"
"112582297","","","IM6 2HD"
"112619216","","","IM6 1AD"
"113495931","","","IM4 3AF"
"118098061","","","IM6 1ER"
"118148590","","","IM6 1ER"
"120531492","","","IM5 3BR"
"127303361","","","IM9 4NW"
"127303364","","","IM9 4NN"
"130527530","","","IM7 5BH"
"136120222","","","IM1 1BE"
"136226755","","","IM4 5AF"
"144007925","","","IM4 1JH"
"144010297","","","IM2 1AD"
"146833053","","","IM5 1AJ"
"146833057","","","IM5 1AJ"
"146833068","","","IM5 1AR"
"146835165","","","IM5 1AH"
"146890245","","","IM5 1TA"
"146980703","","","IM5 1HA"
"146980728","","","IM5 1HB"
"147183304","","","IM5 1NH"
"147183390","","","IM5 1HE"
"147183393","","","IM5 1NH"
"147183435","","","IM5 1HH"
"147183447","","","IM5 1RG"
"147183511","","","IM5 1HQ"
"147184675","","","IM5 1JS"
"147604396","","","IM5 1BD"
"148699997","","","IM1 4LE"
"149066470","","","IM5 1QG"
"149066482","","","IM5 1XF"
"149788089","","","IM5 3BR"
"149788110","","","IM5 3BR"
"149788116","","","IM5 3BT"
"149945554","","","IM5 1SW"
"150967027","","","IM5 1RH"
"151084483","","","IM5 1PX"
"151084494","","","IM5 1PX"
"151084509","","","IM5 1PX"
"151084512","","","IM5 1PX"
"151084525","","","IM5 1PX"
"151084526","","","IM5 1PX"
"151084528","","","IM5 1PX"
"151084563","","","IM5 1PX"
"151084608","","","IM5 1PX"
"151084609","","","IM5 1PX"
"151087546","","","IM5 1PY"
"152622117","","","IM4 1BF"
"152690552","","","IM1 2QG"
"152690553","","","IM1 2QG"
"152690555","","","IM1 2QA"
"152690560","","","IM1 2QA"
"152690563","","","IM1 2QA"
"152690565","","","IM1 2QA"
"152690568","","","IM1 2QA"
"152690571","","","IM1 2QA"
"152690574","","","IM1 2QA"
"152690578","","","IM1 2QA"
"152690581","","","IM1 2QA"
"152690587","","","IM1 2QG"
"152690589","","","IM1 2QG"
"152690590","","","IM1 2QG"
"152690593","","","IM1 2QG"
"157913784","","","IM2 4NR"
"158601622","","","IM9 1HT"
"158601623","","","IM9 1HT"
"158601624","","","IM9 1HT"
"158601625","","","IM9 1HT"
"158601626","","","IM9 1HT"
"158601627","","","IM9 1HT"
"158601628","","","IM9 1HT"
"158601629","","","IM9 1HT"
"158601630","","","IM9 1HT"
"158601631","","","IM9 1HT"
"158683961","","","IM4 3ES"
"158973759","","","IM9 6AR"
"158973761","","","IM9 6AE"
"158973978","","","IM9 6AQ"
"159151053","","","IM9 2AT"
"159381722","","","IM5 3BG"
"159599531","","","IM9 1EX"
"159599541","","","IM9 1ES"
"159599544","","","IM9 1EH"
"159599546","","","IM9 1EG"
"159599550","","","IM9 1EG"
"159599563","","","IM9 1EG"
"159599564","","","IM9 1EG"
"159599568","","","IM9 1ES"
"159599572","","","IM9 1EH"
"159599573","","","IM9 1EG"
"159599577","","","IM9 1EH"
"159599578","","","IM9 1EG"
"159599582","","","IM9 1EH"
"159753877","","","IM2 2BZ"
"160411570","","","IM4 6DE"
"160411573","","","IM4 6AL"
"162782082","","","IM8 2LF"
"162913664","","","IM9 6PS"
"163630123","","","IM9 1BL"
"163630124","","","IM9 1BL"
"163630125","","","IM9 1BL"
"163630126","","","IM9 1BL"
"163759544","","","IM9 6LA"
"163759545","","","IM9 6LE"
"164658113","","","IM2 3LF"
"164658115","","","IM1 2HQ"
"164658117","","","IM1 3JX"
"164658119","","","IM1 3JX"
"165129858","","","IM2 6LX"
"165129865","","","IM2 6LX"
"165129870","","","IM2 6LX"
"165129875","","","IM2 6LX"
"165129876","","","IM2 6LX"
"165795669","","","IM5 3BG"
"165849969","","","IM6 1AU"
"165849970","","","IM6 1AU"
"166047471","","","IM9 4BP"
"166769399","","","IM4 3LQ"
"166769400","","","IM4 3LQ"
"167230581","","","IM9 6AQ"
"169812273","","","IM7 4AP"
"169812275","","","IM7 4AP"
"169812277","","","IM7 4AJ"
"169812278","","","IM7 4AJ"
"170244853","","","IM7 1HP"
"171845731","","","IM4 3HQ"
"182594363","","","IM2 3QU"
"182594372","","","IM1 4EQ"
"183946915","","","IM4 1EE"
"184773188","","","IM4 7BE"
"186059472","","","IM4 4QB"
"186059473","","","IM4 4TB"
"186059474","","","IM4 4QD"
"186059477","","","IM4 4QD"
"186059478","","","IM4 4QD"
"186059479","","","IM4 4QD"
"186072536","","","IM1 5BW"
"186072547","","","IM1 5BP"
"186072550","","","IM1 5BX"
"186123467","","","IM1 5BF"
"186129177","","","IM1 5PA"
"186129707","","","IM1 5AX"
"186129715","","","IM1 5AT"
"186150178","","","IM4 1EH"
"186153191","","","IM1 5AS"
"186154198","","","IM1 5AX"
"186154200","","","IM1 5AX"
"186154205","","","IM1 5AX"
"186154206","","","IM1 5BT"
"186154209","","","IM1 5AX"
"186156397","","","IM1 5AY"
"186156398","","","IM1 5AY"
"186156404","","","IM1 5BR"
"186156409","","","IM1 5BS"
"186224969","","","IM2 1NN"
"186412560","","","IM1 5AP"
"186412563","","","IM1 5AP"
"186412568","","","IM1 5AR"
"186412571","","","IM1 5AJ"
"186415858","","","IM1 5BG"
"186577512","","","IM1 5AF"
"197596915","","","IM4 1EB"
"201284925","","","IM9 4LY"
"204133175","","","IM2 2QR"
"204133176","","","IM2 2QR"
"211829990","","","IM2 5DA"
"217428467","","","IM4 3HE"
"217431782","","","IM4 3EB"
"217675477","","","IM4 3BD"
"217675493","","","IM4 3BD"
"217675494","","","IM4 3BD"
"217675540","","","IM4 3ED"
"217687654","","","IM5 3AL"
"218184134","","","IM9 1NU"
"218184135","","","IM9 1NU"
"218184136","","","IM9 1PN"
"218184137","","","IM9 1PN"
"218184138","","","IM9 1NT"
"218184139","","","IM9 1PN"
"218184140","","","IM9 1PN"
"218184141","","","IM9 1PN"
"218184142","","","IM9 1NT"
"218184143","","","IM9 1PN"
"218184144","","","IM9 1PN"
"218543449","","","IM9 1NW"
"218543450","","","IM9 1NF"
"218543451","","","IM9 1NH"
"218543452","","","IM9 1NQ"
"218543453","","","IM9 1NJ"
"218543454","","","IM9 1NH"
"218543455","","","IM9 1NQ"
"218543456","","","IM9 1NJ"
"218543457","","","IM9 1NH"
"218543458","","","IM9 1NQ"
"218543459","","","IM9 1NL"
"218543460","","","IM9 1NF"
"218543461","","","IM9 1NP"
"218543462","","","IM9 1NH"
"218543463","","","IM9 1NQ"
"218543464","","","IM9 1NL"
"218543465","","","IM9 1NF"
"218543466","","","IM9 1NL"
"218543467","","","IM9 1NH"
"218543468","","","IM9 1NQ"
"218543469","","","IM9 1NH"
"218543470","","","IM9 1NQ"
"218543471","","","IM9 1NL"
"218543472","","","IM9 1NF"
"218543473","","","IM9 1NH"
"218543474","","","IM9 1NQ"
"218543475","","","IM9 1NL"
"218543476","","","IM9 1NF"
"218543477","","","IM9 1NF"
"218543478","","","IM9 1NH"
"218543479","","","IM9 1NL"
"218543480","","","IM9 1NF"
"218543481","","","IM9 1NH"
"218543482","","","IM9 1NL"
"218543483","","","IM9 1NF"
"218543484","","","IM9 1NL"
"218543485","","","IM9 1NP"
"218543486","","","IM9 1NL"
"218543487","","","IM9 1NH"
"218543488","","","IM9 1NQ"
"218543489","","","IM9 1NJ"
"218543490","","","IM9 1NN"
"218543491","","","IM9 1NN"
"218543492","","","IM9 1NN"
"218543493","","","IM9 1NN"
"218543494","","","IM9 1NN"
"218543495","","","IM9 1NN"
"218543496","","","IM9 1NN"
"218543497","","","IM9 1NW"
"218543498","","","IM9 1NN"
"218543499","","","IM9 1NN"
"218543500","","","IM9 1NN"
"218543501","","","IM9 1NH"
"218543502","","","IM9 1NQ"
"218543503","","","IM9 1NJ"
"218543504","","","IM9 1NN"
"218543505","","","IM9 1NN"
"218543506","","","IM9 1NN"
"218543507","","","IM9 1NN"
"218543508","","","IM9 1NN"
"218543509","","","IM9 1NN"
"218543510","","","IM9 1NN"
"218543511","","","IM9 1NN"
"218543512","","","IM9 1NN"
"218543513","","","IM9 1NN"
"218543514","","","IM9 1NH"
"218543515","","","IM9 1NQ"
"218543516","","","IM9 1NJ"
"218543517","","","IM9 1NJ"
"218543518","","","IM9 1NJ"
"218543519","","","IM9 1NJ"
"218543520","","","IM9 1NJ"
"218543521","","","IM9 1NJ"
"218543522","","","IM9 1NJ"
"218543523","","","IM9 1NJ"
"218543524","","","IM9 1NJ"
"218543525","","","IM9 1NJ"
"218543526","","","IM9 1NJ"
"218543527","","","IM9 1NH"
"218543528","","","IM9 1NQ"
"218543529","","","IM9 1NJ"
"218543530","","","IM9 1NH"
"218543531","","","IM9 1NQ"
"218543532","","","IM9 1NJ"
"218543533","","","IM9 1NH"
"218543534","","","IM9 1NQ"
"218543535","","","IM9 1NJ"
"218543536","","","IM9 1NH"
"218543537","","","IM9 1NQ"
"218543538","","","IM9 1NJ"
"218543539","","","IM9 1NH"
"218543540","","","IM9 1NQ"
"218543541","","","IM9 1NJ"
"218668827","","","IM9 1PA"
"218668832","","","IM9 1HY"
"218668835","","","IM9 1HT"
"218668841","","","IM9 1HU"
"218668845","","","IM9 1HU"
"218668848","","","IM9 1HT"
"218668849","","","IM9 1HU"
"218668852","","","IM9 1HS"
"218668856","","","IM9 1HU"
"218668859","","","IM9 1HU"
"218668862","","","IM9 1HU"
"218668864","","","IM9 1HS"
"218668867","","","IM9 1HU"
"218668869","","","IM9 1HU"
"218668871","","","IM9 1HS"
"218668873","","","IM9 1HU"
"218668876","","","IM9 1HU"
"218668879","","","IM9 1HU"
"218668882","","","IM9 1HU"
"218668883","","","IM9 1HS"
"218668884","","","IM9 1HX"
"218668885","","","IM9 1HS"
"218668886","","","IM9 1HU"
"218668887","","","IM9 1HS"
"218668888","","","IM9 1HS"
"218668889","","","IM9 1HX"
"218668890","","","IM9 1HS"
"218668891","","","IM9 1HU"
"218668892","","","IM9 1HS"
"218668893","","","IM9 1HS"
"218668894","","","IM9 1HX"
"218668895","","","IM9 1PB"
"218668896","","","IM9 1HU"
"218668897","","","IM9 1HS"
"218668898","","","IM9 1HX"
"218668899","","","IM9 1HU"
"218668900","","","IM9 1HS"
"218668901","","","IM9 1HX"
"218668902","","","IM9 1HX"
"218668903","","","IM9 1HT"
"218668904","","","IM9 1HU"
"218668905","","","IM9 1HX"
"218668906","","","IM9 1HX"
"218668907","","","IM9 1HX"
"218668908","","","IM9 1HX"
"218668909","","","IM9 1HX"
"218668910","","","IM9 1HX"
"218668911","","","IM9 1HX"
"218668912","","","IM9 1HX"
"218668913","","","IM9 1HX"
"218668914","","","IM9 1HU"
"218668915","","","IM9 1HY"
"218668916","","","IM9 1HY"
"218668917","","","IM9 1HY"
"218668918","","","IM9 1HY"
"218668919","","","IM9 1PA"
"218668920","","","IM9 1HY"
"218668921","","","IM9 1HY"
"218668922","","","IM9 1HY"
"218668923","","","IM9 1HY"
"218668924","","","IM9 1HY"
"218668925","","","IM9 1HT"
"218668926","","","IM9 1HU"
"218668927","","","IM9 1HY"
"218668928","","","IM9 1HY"
"218668929","","","IM9 1HY"
"218668930","","","IM9 1HY"
"218668931","","","IM9 1HY"
"218668932","","","IM9 1HY"
"218668933","","","IM9 1HY"
"218668934","","","IM9 1HY"
"218668935","","","IM9 1HY"
"218668936","","","IM9 1HU"
"218668937","","","IM9 1HY"
"218668938","","","IM9 1HT"
"218668939","","","IM9 1HU"
"218668940","","","IM9 1HU"
"218668941","","","IM9 1HT"
"218668942","","","IM9 1HU"
"218669333","","","IM9 1NY"
"218669334","","","IM9 1NY"
"218669335","","","IM9 1NY"
"218669336","","","IM9 1NY"
"218669337","","","IM9 1NY"
"218669338","","","IM9 1NY"
"218669339","","","IM9 1NY"
"218669340","","","IM9 1NY"
"218669341","","","IM9 1NY"
"218669342","","","IM9 1NY"
"218669343","","","IM9 1NY"
"218669344","","","IM9 1NY"
"218669346","","","IM9 1NY"
"218669347","","","IM9 1NY"
"218669348","","","IM9 1NY"
"218669349","","","IM9 1NY"
"218669350","","","IM9 1NY"
"220147190","","","IM9 1TL"
"220147192","","","IM9 1TL"
"220147195","","","IM9 1TL"
"220277571","","","IM9 2EF"
"220293517","","","IM9 1HR"
"220293518","","","IM9 1HL"
"220293519","","","IM9 1HL"
"220293520","","","IM9 1HL"
"220293521","","","IM9 1HP"
"220293522","","","IM9 1HF"
"220293523","","","IM9 1HP"
"220293525","","","IM9 1HP"
"220293526","","","IM9 1HP"
"220293527","","","IM9 1HP"
"220293528","","","IM9 1HP"
"220293529","","","IM9 1HR"
"220293530","","","IM9 1HR"
"220293531","","","IM9 1HR"
"220293532","","","IM9 1HL"
"220293533","","","IM9 1HL"
"220293534","","","IM9 1HR"
"220293535","","","IM9 1HP"
"220293536","","","IM9 1HF"
"220293537","","","IM9 1HL"
"220293538","","","IM9 1HR"
"220293539","","","IM9 1HL"
"220293540","","","IM9 1HR"
"220293541","","","IM9 1HL"
"220293542","","","IM9 1HR"
"220293543","","","IM9 1HR"
"220293544","","","IM9 1HR"
"220293545","","","IM9 1HR"
"220293546","","","IM9 1HP"
"220293547","","","IM9 1HP"
"220293548","","","IM9 1HP"
"220293549","","","IM9 1HP"
"220293550","","","IM9 1HP"
"220293551","","","IM9 1HF"
"220293552","","","IM9 1HP"
"220293553","","","IM9 1HP"
"220293554","","","IM9 1HF"
"220293555","","","IM9 1HP"
"220293556","","","IM9 1HF"
"220293557","","","IM9 1HP"
"220293558","","","IM9 1HF"
"220293559","","","IM9 1HP"
"220293560","","","IM9 1HF"
"220293561","","","IM9 1HP"
"220293562","","","IM9 1HF"
"220293563","","","IM9 1HP"
"220371529","","","IM9 1HZ"
"220371530","","","IM9 1HZ"
"220371531","","","IM9 1HZ"
"220371532","","","IM9 1HZ"
"220371533","","","IM9 1HZ"
"220371534","","","IM9 1HZ"
"220371535","","","IM9 1HZ"
"220371536","","","IM9 1HZ"
"220371537","","","IM9 1HZ"
"220371538","","","IM9 1HZ"
"220371539","","","IM9 1HZ"
"220371540","","","IM9 1HZ"
"220371541","","","IM9 1HZ"
"220371542","","","IM9 1HZ"
"220371543","","","IM9 1HZ"
"220371544","","","IM9 1HZ"
"220371546","","","IM9 1HZ"
"220371547","","","IM9 1HZ"
"220371549","","","IM9 1HZ"
"220371550","","","IM9 1HZ"
"220371552","","","IM9 1HZ"
"220371553","","","IM9 1HZ"
"220371555","","","IM9 1HZ"
"220371556","","","IM9 1HZ"
"220371558","","","IM9 1HZ"
"220371560","","","IM9 1HZ"
"220371561","","","IM9 1HZ"
"220371563","","","IM9 1HZ"
"220371566","","","IM9 1HZ"
"220371567","","","IM9 1HZ"
"220371570","","","IM9 1HZ"
"220371571","","","IM9 1HZ"
"220371573","","","IM9 1HZ"
"220371575","","","IM9 1HZ"
"220371578","","","IM9 1HZ"
"220371582","","","IM9 1HZ"
"220371584","","","IM9 1HZ"
"220371592","","","IM9 1HZ"
"220371597","","","IM9 1HZ"
"220371600","","","IM9 1HZ"
"220371602","","","IM9 1HZ"
"220371605","","","IM9 1HZ"
"220371607","","","IM9 1HZ"
"220371610","","","IM9 1HZ"
"220371611","","","IM9 1HZ"
"220371622","","","IM9 1HZ"
"220371623","","","IM9 1HZ"
"220392635","","","IM2 2BU"
"220392636","","","IM2 2BU"
"220392637","","","IM2 2BU"
"220392638","","","IM2 2BU"
"220392639","","","IM2 2BU"
"220392640","","","IM2 2BU"
"221230007","","","IM9 2DN"
"227140563","","","IM4 6AE"
"229624197","","","IM4 1BB"
"229624204","","","IM4 1BB"
"229624205","","","IM4 1BB"
"229711876","","","IM4 1BA"
"229830056","","","IM4 1BE"
"230389112","","","IM4 1BJ"
"230777719","","","IM4 7BB"
"231971419","","","IM4 1JE"
"232262554","","","IM2 7EA"
"232438919","","","IM2 3TD"
"233925097","","","IM4 7BD"
"233925098","","","IM4 7AY"
"233926122","","","IM2 6ED"
"241013775","","","IM1 3AD"
"241013776","","","IM1 3AD"
"241013777","","","IM1 3AD"
"241013778","","","IM1 3AD"
"241013779","","","IM1 3AD"
"246336691","","","IM1 4LA"
"246386232","","","IM5 1XF"
"246812756","","","IM3 4EA"
"246812767","","","IM3 4EA"
"246812768","","","IM3 4EA"
"246812769","","","IM3 4EA"
"246812770","","","IM3 4EA"
"246812771","","","IM3 4EA"
"246812775","","","IM3 4EA"
"246812788","","","IM3 4EA"
"247968410","","","IM3 4EZ"
"247968411","","","IM3 4EA"
"247968412","","","IM3 4EA"
"247968413","","","IM3 4EA"
"247968414","","","IM3 4EA"
"247968415","","","IM3 4EA"
"247968416","","","IM3 4EA"
"247968417","","","IM3 4EA"
"247968418","","","IM3 4EA"
"247968419","","","IM3 4EA"
"247968420","","","IM3 4EA"
"247968421","","","IM3 4EA"
"247968422","","","IM3 4EA"
"247968424","","","IM3 4EA"
"279650617","","","IM9 1HW"
"279650619","","","IM9 1HG"
"279650620","","","IM9 1HG"
"279650621","","","IM9 1HG"
"279650622","","","IM9 1HE"
"279650623","","","IM9 1HE"
"279650624","","","IM9 1HE"
"279650625","","","IM9 1HE"
"279650626","","","IM9 1HE"
"279650627","","","IM9 1HE"
"279650628","","","IM9 1HW"
"279650629","","","IM9 1HE"
"279650630","","","IM9 1HZ"
"279650631","","","IM9 1HE"
"279650632","","","IM9 1HZ"
"279650633","","","IM9 1HE"
"279650634","","","IM9 1HZ"
"279650635","","","IM9 1HE"
"279650636","","","IM9 1HE"
"279650637","","","IM9 1HE"
"279650638","","","IM9 1HD"
"279650639","","","IM9 1HD"
"279650640","","","IM9 1HD"
"279650641","","","IM9 1HW"
"279650642","","","IM9 1HD"
"279650643","","","IM9 1HD"
"279650644","","","IM9 1HD"
"279650645","","","IM9 1HD"
"279650646","","","IM9 1HD"
"279650647","","","IM9 1HD"
"279650648","","","IM9 1HD"
"279650649","","","IM9 1HD"
"279650650","","","IM9 1HD"
"279650651","","","IM9 1HD"
"279650652","","","IM9 1HW"
"279650653","","","IM9 1HD"
"279650654","","","IM9 1HD"
"279650655","","","IM9 1HZ"
"279650656","","","IM9 1HG"
"279650657","","","IM9 1HZ"
"279650658","","","IM9 1HG"
"279650659","","","IM9 1HZ"
"279650660","","","IM9 1HG"
"279650661","","","IM9 1HG"
"279650662","","","IM9 1HG"
"279650663","","","IM9 1HZ"
"280860894","","","IM1 3AH"
"280860895","","","IM1 5BX"
"280860898","","","IM1 5BF"
"280860900","","","IM1 3LP"
"280860901","","","IM1 5BF"
"280860903","","","IM1 3LP"
"292928215","","","IM2 1AL"
"292928216","","","IM2 1AL"
"312295515","","","IM3 2EY"
"335686610","","","IM4 7NY"
"346411767","","","IM4 4QN"
"349336142","","","IM7 2BB"
"349336143","","","IM7 2HP"
"362352394","","","IM2 4HT"
"366282623","","","IM7 3BD"
"385725696","","","IM1 1AQ"
"385725698","","","IM1 1AQ"
"385725700","","","IM1 1AQ"
"385725702","","","IM1 1AQ"
"385725703","","","IM1 1AQ"
"389592966","","","IM9 4LY"
"389592967","","","IM9 4LY"
"390438747","","","IM9 4LR"
"390438748","","","IM9 4LR"
"390438749","","","IM9 4LR"
"390438750","","","IM9 4LR"
"390438751","","","IM9 4LR"
"390438752","","","IM9 4LR"
"390438753","","","IM9 4LR"
"390438754","","","IM9 4LR"
"390438755","","","IM9 4LR"
"390438756","","","IM9 4LR"
"390438757","","","IM9 4LR"
"390438758","","","IM9 4LY"
"390438759","","","IM9 4LY"
"390438760","","","IM9 4LY"
"390438761","","","IM9 4LY"
"390438762","","","IM9 4LY"
"393264135","","","IM9 4LR"
"393264136","","","IM9 4LR"
"393264137","","","IM9 4LR"
"393264138","","","IM9 4LY"
"393264139","","","IM9 4LY"
"393264141","","","IM9 4LY"
"393264142","","","IM9 4LY"
"393264143","","","IM9 4LY"
"393264144","","","IM9 4LY"
"393264145","","","IM9 4LY"
"393264146","","","IM9 4LY"
"393264147","","","IM9 4LY"
"393264148","","","IM9 4LY"
"393264149","","","IM9 4LY"
"393264150","","","IM9 4LY"
"393264151","","","IM9 4LY"
"393264152","","","IM9 4LY"
"393264153","","","IM9 4LY"
"393264154","","","IM9 4LY"
"393264155","","","IM9 4LY"
"393264156","","","IM9 4LY"
"393264157","","","IM9 4LY"
"393264158","","","IM9 4LY"
"393264159","","","IM9 4LY"
"393264160","","","IM9 4LY"
"393264161","","","IM9 4LY"
"393264162","","","IM9 4LY"
"393264163","","","IM9 4LY"
"393264164","","","IM9 4LY"
"393264165","","","IM9 4LY"
"393264166","","","IM9 4LY"
"393264167","","","IM9 4LY"
"393264168","","","IM9 4LY"
"393264170","","","IM9 4LY"
"393264171","","","IM9 4LY"
"393264172","","","IM9 4LY"
"393264173","","","IM9 4LY"
"393264174","","","IM9 4LY"
"393264175","","","IM9 4LY"
"393264176","","","IM9 4LY"
"393264177","","","IM9 4LY"
"393264178","","","IM9 4LY"
"393264179","","","IM9 4LY"
"393264180","","","IM9 4LY"
"393264181","","","IM9 4LY"
"393264182","","","IM9 4LY"
"393264187","","","IM9 4LY"
"393264188","","","IM9 4LY"
"393264190","","","IM9 4LY"
"393264191","","","IM9 4LY"
"393264192","","","IM9 4LY"
"393264194","","","IM9 4LY"
"393264196","","","IM9 4LY"
"393264197","","","IM9 4LY"
"393264199","","","IM9 4LY"
"393264201","","","IM9 4LY"
"393264202","","","IM9 4LY"
"393264204","","","IM9 4LY"
"393264206","","","IM9 4LY"
"393264208","","","IM9 4LY"
"393264209","","","IM9 4LY"
"393264218","","","IM9 4LY"
"393264220","","","IM9 4LY"
"393266967","","","IM9 4LY"
"393266968","","","IM9 4LY"
"393266969","","","IM9 4LY"
"393266970","","","IM9 4LY"
"393266971","","","IM9 4LY"
"393266973","","","IM9 4LY"
"393266974","","","IM9 4LY"
"393266975","","","IM9 4LY"
"396520127","","","IM9 4LY"
"396520128","","","IM9 4LY"
"396520129","","","IM9 4LY"
"396520130","","","IM9 4LY"
"396520131","","","IM9 4LY"
"396520132","","","IM9 4LY"
"396520133","","","IM9 4LY"
"396520134","","","IM9 4LY"
"396520135","","","IM9 4LY"
"396520136","","","IM9 4LY"
"396520137","","","IM9 4LY"
"396520138","","","IM9 4LY"
"396520139","","","IM9 4LY"
"396520140","","","IM9 4LY"
"396520141","","","IM9 4LY"
"396520142","","","IM9 4LY"
"396520143","","","IM9 4LY"
"396735178","","","IM9 4PS"
"410363361","","","IM1 1EW"
"410363363","","","IM1 1EW"
"410363366","","","IM1 1EW"
"410386584","","","IM1 4LF"
"410386586","","","IM1 4LF"
"410386588","","","IM1 5AX"
"410386594","","","IM1 5AB"
"410386595","","","IM1 5AX"
"410386596","","","IM1 4LF"
"412956695","","","IM7 2HB"
"412956708","","","IM7 2AB"
"414251739","","","IM1 4LH"
"414637480","","","IM9 1LD"
"414702464","","","IM2 2BA"
"415157475","","","IM1 2EX"
"415157481","","","IM1 2EX"
"415157496","","","IM1 2LZ"
"415157513","","","IM1 2EX"
"415157517","","","IM1 2EX"
"415157518","","","IM1 2HQ"
"416526303","","","IM1 2EX"
"416526310","","","IM1 2EU"
"416526315","","","IM1 2EX"
"416526317","","","IM1 2EX"
"416526324","","","IM1 2NA"
"417401593","","","IM1 2EW"
"417401600","","","IM1 2EW"
"417401605","","","IM1 2EP"
"418100271","","","IM7 1HA"
"418104393","","","IM4 3RD"
"418111621","","","IM1 2FD"
"418111622","","","IM1 2EE"
"418111625","","","IM1 2LH"
"418111628","","","IM1 2FD"
"418111629","","","IM1 2EA"
"418336881","","","IM7 4EZ"
"419052352","","","IM1 2AR"
"419052357","","","IM1 2LQ"
"419052368","","","IM1 2SE"
"419056948","","","IM1 2AS"
"419056950","","","IM1 2AU"
"419056951","","","IM1 2LE"
"419070463","","","IM1 2ED"
"419070468","","","IM1 2ED"
"419070482","","","IM1 2EF"
"419113949","","","IM1 3LB"
"419775937","","","IM1 2LH"
"419775938","","","IM1 2LD"
"419775939","","","IM1 2LR"
"419775943","","","IM1 2LF"
"419775947","","","IM1 2LH"
"419775953","","","IM1 2LG"
"419775956","","","IM1 2LH"
"419836986","","","IM1 2LE"
"419836987","","","IM1 2LE"
"419950952","","","IM1 2LB"
"419950953","","","IM1 1EL"
"419950954","","","IM1 1EL"
"419950955","","","IM1 2LB"
"419950956","","","IM1 2LW;IM2 1LB"
"419950958","","","IM1 2AL"
"420023844","","","IM1 1EJ"
"420023846","","","IM1 1ES"
"420023851","","","IM1 1ES"
"420023856","","","IM1 1ES"
"420023857","","","IM1 1EQ"
"420023860","","","IM1 1EJ"
"420028934","","","IM1 2LD"
"420028937","","","IM1 2LF"
"420028941","","","IM1 2LF"
"420028947","","","IM1 2LD"
"420051242","","","IM1 2AY"
"420051244","","","IM1 2AY"
"420051248","","","IM1 2RD"
"420051253","","","IM1 2BB"
"420624699","","","IM7 5JA"
"430375382","","","IM4 4BJ"
"430375396","","","IM4 4BJ"
"436353116","","","IM7 1HL"
"450259510","","","IM7 3BD"
"450259910","","","IM7 3BD"
"452065973","","","IM9 2RJ"
"453265755","","","IM7 2HH"
"453538874","","","IM7 2BA"
"453579734","","","IM7 2HQ"
"453579735","","","IM7 2HQ"
"453579736","","","IM7 2HQ"
"453579738","","","IM7 2HQ"
"453579740","","","IM7 2HQ"
"453579742","","","IM7 2HQ"
"453579745","","","IM7 2HQ"
"453579747","","","IM7 2HQ"
"453579749","","","IM7 2HQ"
"453579751","","","IM7 2HQ"
"453579761","","","IM7 2HQ"
"453780631","","","IM7 2EU"
"457936369","","","IM7 3JP"
"457936383","","","IM7 3BD"
"472076520","","","IM1 2PW"
"493310427","","","IM2 2BD"
"493310431","","","IM2 2BD"
"493310434","","","IM2 2BD"
"493310436","","","IM2 2BD"
"493310439","","","IM2 2BD"
"493310443","","","IM2 2BD"
"493310445","","","IM2 2BD"
"493310448","","","IM2 2BD"
"493311642","","","IM2 2BD"
"493414755","","","IM2 2BD"
"493414757","","","IM2 2BD"
"493414758","","","IM2 2BD"
"493414759","","","IM2 2BD"
"493414760","","","IM2 2BD"
"493414761","","","IM2 2BD"
"493414763","","","IM2 2BD"
"493414764","","","IM2 2BD"
"493414765","","","IM2 2BD"
"493414766","","","IM2 2BD"
"493414767","","","IM2 2BD"
"493473454","","","IM2 2BD"
"493473455","","","IM2 2BD"
"493473456","","","IM2 2BD"
"493473457","","","IM2 2BD"
"493658447","","","IM2 2BD"
"493658451","","","IM2 2BD"
"493658454","","","IM2 2BD"
"493658457","","","IM2 2BD"
"507608264","","","IM9 2EG"
"507608265","","","IM9 2EG"
"524413598","","","IM7 2HR"
"524416546","","","IM7 2HP"
"525893321","","","IM7 2BF"
"525893330","","","IM7 2BF"
"526763633","","","IM7 1EP"
"531471591","","","IM1 5AF"
"531474033","","","IM1 5AF"
"531717921","","","IM2 4PL"
"540218373","","","IM9 1LF"
"540218375","","","IM9 1LF"
"554315966","","","IM9 4ND"
"583514065","","","IM5 1DX"
"604743423","","","IM7 2AL"
"615892788","","","IM8 2PA"
"615894272","","","IM8 2RG"
"657558412","","","IM1 2PU"
"682374861","","","IM9 4HF"
"682374862","","","IM9 4HF"
"699679743","","","IM4 7DB"
"747063251","","","IM9 5LH"
"754867177","","","IM2 2QZ"
"754944138","","","IM2 2QJ"
"761468432","","","IM7 4AN"
"761468820","","","IM7 4AN"
"761469852","","","IM7 4AL"
"768565627","","","IM4 5ER"
"773778697","","","IM7 4EB"
"773778699","","","IM7 4EB"
"773781469","","","IM7 4EA"
"773781476","","","IM7 4EB"
"778208365","","","IM8 3PQ"
"791496846","","","IM4 7NR"
"813439034","","","IM4 7DD"
"813624413","","","IM3 1LZ"
"825176649","","","IM5 3AF"
"825188049","","","IM9 6DP"
"828250293","","","IM9 1BX"
"828250296","","","IM9 1BE"
"829266792","","","IM9 1LF"
"829273200","","","IM9 1LF"
"830760399","","","IM4 3NA"
"832286809","","","IM5 3BW"
"881644462","","","IM9 4HB"
"881644468","","","IM9 4LF"
"889207962","","","IM4 3NP"
"889207963","","","IM4 3NP"
"889308843","","","IM4 3LN"
"889308852","","","IM4 3AS"
"889619378","","","IM7 3HH"
"891543062","","","IM5 3AL"
"891543063","","","IM5 3AL"
"891558730","","","IM2 2QZ"
"893653070","","","IM4 4AT"
"894021395","","","IM2 1AE"
"895195210","","","IM7 3EL"
"895195215","","","IM7 3EL"
"895195218","","","IM7 3EL"
"895915128","","","IM2 3BN"
"895923915","","","IM1 1JD"
"900485877","","","IM2 1AL"
"900485879","","","IM2 1AL"
"900485880","","","IM2 1AL"
"900485881","","","IM2 1AL"
"900485882","","","IM2 1AL"
"900518425","","","IM2 2QJ"
"901150999","","","IM7 4JA"
"901151006","","","IM7 4HY"
"901151018","","","IM7 4EZ"
"901151020","","","IM7 4EZ"
"901151023","","","IM7 4EZ"
"901151033","","","IM7 4HL"
"901966252","","","IM4 3NR"
"901997108","","","IM4 3NP"
"902458653","","","IM9 3BD"
"907166088","","","IM3 2HZ"
"907166089","","","IM3 2HZ"
"907166090","","","IM3 2HZ"
"907166091","","","IM3 2HZ"
"907166092","","","IM3 2HZ"
"907166093","","","IM3 2HZ"
"907166094","","","IM3 2HZ"
"907166095","","","IM3 2HZ"
"907166096","","","IM3 2HZ"
"907166097","","","IM3 2HZ"
"907166098","","","IM3 2HZ"
"907166099","","","IM3 2HZ"
"907166100","","","IM3 2HZ"
"907166101","","","IM3 2HZ"
"907166102","","","IM3 2HZ"
"907166103","","","IM3 2HZ"
"907166104","","","IM3 2HZ"
"907166105","","","IM3 2HZ"
"907166106","","","IM3 2HZ"
"907166107","","","IM3 2HZ"
"907166108","","","IM3 2HZ"
"907166109","","","IM3 2HZ"
"907166110","","","IM3 2HZ"
"907166111","","","IM3 2HZ"
"907166112","","","IM3 2HZ"
"907366522","","","IM7 2EA"
"907366523","","","IM7 2EA"
"907366524","","","IM7 4AB"
"912355517","","","IM8 2BN"
"912358202","","","IM8 3AB"
"945979229","","","IM8 3UN"
"945979241","","","IM8 3LB"
"956967050","","","IM9 2ER"
"959793233","","","IM1 1AE"
"963223759","","","IM8 3EW"
"963223765","","","IM8 3EW"
"963223768","","","IM8 3EP"
"963223771","","","IM8 3EP"
"963223772","","","IM8 3ER"
"963223779","","","IM8 3EP"
"963223780","","","IM8 3EP"
"963223782","","","IM8 3EJ"
"963223807","","","IM8 3EJ"
"963223853","","","IM8 3PJ"
"963223854","","","IM8 3PJ"
"963223855","","","IM8 3PJ"
"963223856","","","IM8 3PJ"
"963223857","","","IM8 3PJ"
"963223858","","","IM8 3PJ"
"963223859","","","IM8 3PJ"
"963223860","","","IM8 3PJ"
"963223861","","","IM8 3PJ"
"963223862","","","IM8 3PJ"
"963223864","","","IM8 3PL"
"963223952","","","IM8 3EY"
"963223965","","","IM8 3EY"
"963223967","","","IM8 3EY"
"963223976","","","IM8 3HT"
"963223977","","","IM8 3HT"
"963223978","","","IM8 3HT"
"963223979","","","IM8 3HT"
"963224003","","","IM8 3PD"
"963224004","","","IM8 3PD"
"963224005","","","IM8 3PD"
"963224006","","","IM8 3PD"
"963224007","","","IM8 3PD"
"963224008","","","IM8 3PD"
"963224009","","","IM8 3PD"
"963224010","","","IM8 3PD"
"963224011","","","IM8 3HT"
"963224012","","","IM8 3HT"
"963224013","","","IM8 3HT"
"963224014","","","IM8 3HT"
"963224015","","","IM8 3HT"
"963224016","","","IM8 3HT"
"963224017","","","IM8 3PF"
"963224028","","","IM8 3PD"
"963224029","","","IM8 3PD"
"963224031","","","IM8 3PD"
"963224032","","","IM8 3PD"
"963224034","","","IM8 3PD"
"963224035","","","IM8 3PD"
"963224037","","","IM8 3PB"
"963224262","","","IM8 3UA"
"963224374","","","IM8 3UL"
"963224446","","","IM8 3UL"
"963255385","","","IM8 2EF"
"963255442","","","IM8 1NB"
"963255447","","","IM8 1NP"
"963255587","","","IM8 2LW"
"963255588","","","IM8 2NA"
"963422058","","","IM8 1NL"
"963422075","","","IM8 1LX"
"963422126","","","IM8 1LR"
"963422170","","","IM8 2HJ"
"963422402","","","IM8 2BQ"
"963422403","","","IM8 2BY"
"963422484","","","IM8 2HE"
"963767791","","","IM4 4BE"
"963768003","","","IM4 2DQ"
"972954836","","","IM1 2AL"
"976470162","","","IM9 1AX"
"981865456","","","IM3 1AF"
"981865467","","","IM3 1BE"
"981865469","","","IM3 1AN"
"981865552","","","IM3 4NQ"
"981865553","","","IM3 4NQ"
"981865554","","","IM3 4NQ"
"981865555","","","IM3 4NQ"
"981865556","","","IM3 4NQ"
"981865557","","","IM3 4NQ"
"981865558","","","IM3 4NQ"
"981865559","","","IM3 4NQ"
"981865560","","","IM3 4NQ"
"981865677","","","IM3 4EY"
"981865804","","","IM3 3JP"
"991780874","","","IM6 1HQ"
"995420268","","","IM7 5JG"
"995851946","","","IM7 5AS"
"1005856348","","","IM2 4AU"
"1011242349","","","IM9 4NQ"
"1011242351","","","IM9 4NQ"
"1011242364","","","IM9 4NQ"
"1011242379","","","IM9 4LR"
"1011242382","","","IM9 4LR"
"1011328806","","","IM4 4QJ"
"1011328816","","","IM4 4QB"
"1011328818","","","IM4 4QB"
"1017645498","","","IM4 2DP"
"1037716702","","","IM3 1BF"
"1039738062","","","IM9 1AS"
"1040778915","","","IM9 6EF"
"1040778916","","","IM9 6EF"
"1040778917","","","IM9 6EF"
"1040778918","","","IM9 6EF"
"1040778919","","","IM9 6EF"
"1040778920","","","IM9 6EF"
"1040778921","","","IM9 6EF"
"1040778922","","","IM9 6EF"
"1040778927","","","IM9 6EF"
"1040778928","","","IM9 6EF"
"1040778929","","","IM9 6EF"
"1040778930","","","IM9 6EF"
"1040778931","","","IM9 6EF"
"1040779792","","","IM9 6EF"
"1040779793","","","IM9 6EF"
"1040779794","","","IM9 6EF"
"1040779795","","","IM9 6EF"
"1040779796","","","IM9 6EF"
"1040781566","","","IM9 6EF"
"1040781567","","","IM9 6EF"
"1040781568","","","IM9 6EF"
"1057981257","","","IM4 3RB"
"1082972071","","","IM1 2BF"
"1083159056","","","IM2 5PN"
"1086222246","","","IM4 2EE"
"1091731579","","","IM5 1HU"
"1098106206","","","IM4 1ES"
"1098962566","","","IM9 3AD"
"1104810187","","","IM9 6QL"
"1104810188","","","IM9 6QL"
"1106302576","","","IM3 2DQ"
"1106302577","","","IM3 2DQ"
"1106302578","","","IM3 2DQ"
"1106302579","","","IM3 2DQ"
"1106302581","","","IM3 2DQ"
"1107759168","","","IM9 4PP"
"1107759169","","","IM9 4PP"
"1107759170","","","IM9 4PP"
"1107759172","","","IM9 4PP"
"1107759173","","","IM9 4PP"
"1107759174","","","IM9 4PP"
"1107759175","","","IM9 4PP"
"1107759176","","","IM9 4PP"
"1107759177","","","IM9 4PP"
"1107759178","","","IM9 4PP"
"1107759179","","","IM9 4PP"
"1107759180","","","IM9 4PP"
"1107759181","","","IM9 4PP"
"1107759182","","","IM9 4PP"
"1107759183","","","IM9 4PP"
"1107759184","","","IM9 4PP"
"1107759185","","","IM9 4PP"
"1107759186","","","IM9 4PP"
"1107759187","","","IM9 4PP"
"1107759188","","","IM9 4PP"
"1107759189","","","IM9 4PP"
"1107759190","","","IM9 4PP"
"1107759191","","","IM9 4PP"
"1107759192","","","IM9 4PP"
"1107759193","","","IM9 4PP"
"1107759194","","","IM9 4PP"
"1107759195","","","IM9 4PP"
"1107759196","","","IM9 4PP"
"1107759197","","","IM9 4PP"
"1107759198","","","IM9 4PP"
"1107759199","","","IM9 4PP"
"1107759200","","","IM9 4PP"
"1107759201","","","IM9 4PP"
"1107759202","","","IM9 4PP"
"1107759203","","","IM9 4PP"
"1114918143","","","IM9 5HB"
"1114918820","","","IM9 5EP"
"1114934385","","","IM9 4NQ"
"1124375699","","","IM2 3HG"
"1125185105","","","IM1 5ED"
"1125185107","","","IM1 5ED"
"1126017844","","","IM7 3BD"
"1126057946","","","IM7 4AD"
"1126057949","","","IM7 4AD"
"1126096545","","","IM8 2LA"
"1126104220","","","IM7 1AJ"
"1126112636","","","IM4 7BG"
"1126112638","","","IM4 7BQ"
"1126198600","","","IM4 7BJ"
"1126205384","","","IM4 7AR"
"1126242028","","","IM8 1DA"
"1126509548","","","IM7 4HY"
"1127911179","","","IM8 3EW"
"1128011684","","","IM2 3EN"
"1128012513","","","IM1 3HH"
"1130675236","","","IM5 1QZ"
"1130883164","","","IM5 1QZ"
"1130883165","","","IM5 1QZ"
"1130883166","","","IM5 1QZ"
"1130883167","","","IM5 1QZ"
"1130883168","","","IM5 1QZ"
"1130883169","","","IM5 1QZ"
"1130883170","","","IM5 1QZ"
"1130883171","","","IM5 1QZ"
"1131827896","","","IM5 1HP"
"1134660496","","","IM4 7HU"
"1134660497","","","IM4 3AP"
"1134660498","","","IM7 2HR"
"1134963207","","","IM5 1QZ"
"1134963208","","","IM5 1QZ"
"1134963209","","","IM5 1QZ"
"1134963210","","","IM5 1QZ"
"1134963211","","","IM5 1QZ"
"1134963212","","","IM5 1QZ"
"1134963213","","","IM5 1QZ"
"1134963214","","","IM5 1QZ"
"1134963215","","","IM5 1QZ"
"1134970453","","","IM5 1XF"
"1137308513","","","IM8 3EJ"
"1137308518","","","IM8 3ES"
"1139279808","","","IM1 1AZ"
"1139279813","","","IM1 1AD"
"1139492307","","","IM1 1AF"
"1139492308","","","IM1 1AF"
"1139610340","","","IM1 1AX"
"1139610344","","","IM1 1AX"
"1139610371","","","IM1 4LR"
"1139644381","","","IM1 1JA"
"1141813032","","","IM4 7BF"
"1145467159","","","IM3 4EY"
"1145602053","","","IM5 3BB"
"1145602054","","","IM5 3BB"
"1145602055","","","IM5 3BB"
"1145602057","","","IM5 3BB"
"1145602058","","","IM5 3BB"
"1145602064","","","IM5 3BE"
"1145604018","","","IM5 3BG"
"1145635084","","","IM1 5EG"
"1145708287","","","IM7 5EG"
"1145708291","","","IM7 5EG"
"1146666776","","","IM7 3EP"
"1147046629","","","IM9 4HJ"
"1147046632","","","IM9 4HF"
"1147081568","","","IM2 4HE"
"1147130637","","","IM2 5AQ"
"1147324707","","","IM2 3EE"
"1147636511","","","IM4 7PP"
"1147636514","","","IM4 7PT"
"1147636517","","","IM4 7PU"
"1147636521","","","IM4 7PW"
"1147698211","","","IM7 1ES"
"1147722553","","","IM4 3NA"
"1147742325","","","IM4 3LU"
"1147859234","","","IM4 5ER"
"1147859238","","","IM4 5ER"
"1147859239","","","IM4 5ER"
"1148198601","","","IM7 1AW"
"1148363253","","","IM4 4BJ"
"1148598277","","","IM4 4LZ"
"1148813493","","","IM9 2AN"
"1149116157","","","IM7 2HH"
"1149382527","","","IM7 1AP"
"1149382531","","","IM7 1AP"
"1149382534","","","IM7 1AP"
"1149390901","","","IM4 4BQ"
"1150442927","","","IM8 3UN"
"1151321945","","","IM1 3DW"
"1151321949","","","IM1 3DQ"
"1151438866","","","IM2 3EY"
"1152626712","","","IM2 2EF"
"1152668733","","","IM9 6AE"
"1153317256","","","IM3 2JY"
"1153322906","","","IM7 1AS"
"1153328052","","","IM2 6AG"
"1153363361","","","IM4 3AQ"
"1153365852","","","IM5 3AW"
"1153437149","","","IM1 1BD"
"1153437152","","","IM1 1BB"
"1153437155","","","IM1 1BB"
"1153437160","","","IM1 3DT"
"1153479099","","","IM1 3HH"
"1153600863","","","IM6 2HH"
"1153708732","","","IM8 1NP"
"1153708733","","","IM8 1LR"
"1153708740","","","IM8 1NP"
"1153708741","","","IM8 1LR"
"1153708742","","","IM8 1LR"
"1153708743","","","IM8 1LR"
"1153708744","","","IM8 1LR"
"1153708745","","","IM8 1LR"
"1154057849","","","IM1 2QE"
"1154057850","","","IM1 2QE"
"1154057851","","","IM1 2QE"
"1154057852","","","IM1 2QE"
"1154057853","","","IM1 2QE"
"1154057854","","","IM1 2QE"
"1154057855","","","IM1 2QE"
"1154057856","","","IM1 2QE"
"1154057857","","","IM1 2QE"
"1154057858","","","IM1 2QE"
"1154057859","","","IM1 2QE"
"1154057860","","","IM1 2QE"
"1154057861","","","IM1 2QE"
"1154057862","","","IM1 2QD"
"1154057863","","","IM1 2QD"
"1154057864","","","IM1 2QD"
"1154057865","","","IM1 2QD"
"1154057866","","","IM1 2QD"
"1154057867","","","IM1 2QD"
"1154057868","","","IM1 2QD"
"1154057869","","","IM1 2QD"
"1154057870","","","IM1 2QD"
"1154057871","","","IM1 2QD"
"1154113596","","","IM2 5HT"
"1154135511","","","IM2 4EL"
"1154135527","","","IM2 4EL"
"1154135530","","","IM2 4EL"
"1154139318","","","IM1 3LQ"
"1154139331","","","IM1 3LG"
"1154139333","","","IM1 3LX"
"1154139340","","","IM1 2QN"
"1154149499","","","IM2 4AF"
"1154149500","","","IM2 6AQ"
"1154149501","","","IM2 6AQ"
"1154149502","","","IM2 6AN"
"1154149509","","","IM2 6AQ"
"1154467407","","","IM4 4TN"
"1154695112","","","IM2 4AY"
"1154695113","","","IM2 4AY"
"1154695114","","","IM2 4AY"
"1154695115","","","IM2 4AY"
"1154807702","","","IM2 4AA"
"1154807710","","","IM2 4AU"
"1154807711","","","IM2 4AU"
"1154807712","","","IM2 4AU"
"1154815809","","","IM2 3QF"
"1154826374","","","IM1 3EG"
"1154826375","","","IM1 3EG"
"1154832798","","","IM2 2EL"
"1155085046","","","IM2 4EU"
"1155085047","","","IM2 4EU"
"1155085048","","","IM2 4EU"
"1155085049","","","IM2 4EU"
"1155085050","","","IM2 4EU"
"1155085051","","","IM2 4EU"
"1155085052","","","IM2 4EU"
"1155085053","","","IM2 4EU"
"1155085054","","","IM2 4EU"
"1155085055","","","IM2 4EU"
"1155085056","","","IM2 4EU"
"1155085057","","","IM2 4EU"
"1155200503","","","IM4 4QB"
"1155200504","","","IM4 4QB"
"1155200505","","","IM4 4QB"
"1155200506","","","IM4 4QB"
"1155200511","","","IM4 4QB"
"1155200512","","","IM4 4RG"
"1155200517","","","IM4 4RG"
"1155200518","","","IM4 4RG"
"1155200519","","","IM4 4RG"
"1157520335","","","IM8 1AH"
"1157520336","","","IM8 1AH"
"1157924354","","","IM8 2TB"
"1158017758","","","IM2 3HF"
"1158017767","","","IM2 3HG"
"1160687644","","","IM7 2DZ"
"1160724936","","","IM4 5EG"
"1162863069","","","IM8 1ET"
"1163010479","","","IM2 6HU"
"1164186905","","","IM8 1AS"
"1167356639","","","IM4 1AF"
"1167593676","","","IM4 3NH"
"1168570385","","","IM7 5EX"
"1170163737","","","IM4 2HW"
"1170163738","","","IM4 2HW"
"1170163739","","","IM4 2HW"
"1170163744","","","IM4 2HP"
"1170163748","","","IM4 2HW"
"1173431606","","","IM2 1AL"
"1173431607","","","IM2 1AL"
"1173431608","","","IM2 1AL"
"1173431609","","","IM2 1AL"
"1173431610","","","IM2 1AL"
"1173431611","","","IM2 1AL"
"1173526042","","","IM2 1AL"
"1173763703","","","IM2 1AL"
"1173763704","","","IM2 1AL"
"1173763705","","","IM2 1AL"
"1174139862","","","IM7 5AT"
"1175396137","","","IM9 2AP"
"1176922962","","","IM7 4HY"
"1177269449","","","IM4 3HE"
"1177269450","","","IM4 3HE"
"1191887724","","","IM7 1DJ"
"1197148297","","","IM4 4AD"
"1199301994","","","IM7 4BA"
"1199594825","","","IM4 7BL"
"1199594828","","","IM4 7BT"
"1199594833","","","IM4 7BN"
"1204401382","","","IM9 2AA"
"1205045463","","","IM2 2QZ"
"1205089452","","","IM4 2AY"
"1206734895","","","IM2 4EN"
"1206734896","","","IM2 4EN"
"1206734898","","","IM2 4EN"
"1206734900","","","IM2 4EN"
"1206734901","","","IM2 4EN"
"1206734902","","","IM2 4EN"
"1210859175","","","IM9 6AE"
"1217389846","","","IM3 1AG"
"1217588922","","","IM2 2QS"
"1217588924","","","IM2 2QT"
"1217588934","","","IM2 2QU"
"1220350290","","","IM1 3DG"
"1220527327","","","IM1 2QE"
"1230934938","","","IM1 1EE"
"1236542338","","","IM1 3LQ"
"1236542339","","","IM1 3LQ"
"1236542340","","","IM1 3LQ"
"1236542341","","","IM1 3LQ"
"1236542342","","","IM1 3LQ"
"1236542343","","","IM1 3LQ"
"1236542344","","","IM1 3LQ"
"1236557372","","","IM1 3LG"
"1236557373","","","IM1 3LG"
"1236557374","","","IM1 3LG"
"1236557375","","","IM1 3LG"
"1236557376","","","IM1 3LG"
"1236557377","","","IM1 3LG"
"1236557378","","","IM1 3LG"
"1236557379","","","IM1 3LG"
"1236557380","","","IM1 3LG"
"1236557381","","","IM1 3LG"
"1236557382","","","IM1 3LG"
"1236560736","","","IM1 2QN"
"1236560737","","","IM1 2QN"
"1236560738","","","IM1 2QN"
"1236560739","","","IM1 2QN"
"1236560740","","","IM1 2QN"
"1236560741","","","IM1 2QN"
"1236560742","","","IM1 2QN"
"1236560743","","","IM1 2QN"
"1236560744","","","IM1 2QN"
"1236560745","","","IM1 2QN"
"1236560746","","","IM1 2QN"
"1236560747","","","IM1 2QN"
"1236560748","","","IM1 2QN"
"1236560749","","","IM1 2QN"
"1236560750","","","IM1 2QN"
"1237634381","","","IM4 4QD"
"1240147735","","","IM7 3BS"
"1241477843","","","IM2 4HX"
"1241477845","","","IM2 4HX"
"1241477846","","","IM2 4HX"
"1241477849","","","IM2 4HT"
"1241477850","","","IM2 4HT"
"1241477851","","","IM2 4HT"
"1241477852","","","IM2 4HT"
"1241477853","","","IM2 4HT"
"1241477854","","","IM2 4HT"
"1241477855","","","IM2 4HT"
"1241477856","","","IM2 4HT"
"1241477857","","","IM2 4HT"
"1241477858","","","IM2 4HT"
"1241477859","","","IM2 4HT"
"1241477860","","","IM2 4HT"
"1241477861","","","IM2 4HT"
"1241477862","","","IM2 4HT"
"1241477863","","","IM2 4HT"
"1241477864","","","IM2 4HT"
"1241734250","","","IM4 4PZ"
"1241734253","","","IM4 4PZ"
